City_ID,City,Country,Date,Lat,Lng,Max Temp,Humidity,Cloudiness,Wind Speed
0,Shaoguan,CN,2022-04-09 17:28:49,24.8,113.5833,67.78,63,0,1.43
1,Vanavara,RU,2022-04-09 17:28:50,60.34,102.2797,14.43,98,91,3.11
2,Isangel,VU,2022-04-09 17:28:50,-19.55,169.2667,80.29,84,100,10.0
3,Lagoa,PT,2022-04-09 17:28:51,39.05,-27.9833,55.96,67,99,36.55
4,Qaanaaq,GL,2022-04-09 17:28:51,77.484,-69.3632,-0.56,71,11,4.43
5,Castro,BR,2022-04-09 17:28:52,-24.7911,-50.0119,78.48,56,66,6.89
6,Longyearbyen,SJ,2022-04-09 17:28:52,78.2186,15.6401,22.84,68,20,14.97
7,Albany,US,2022-04-09 17:28:52,42.6001,-73.9662,45.37,88,100,1.99
8,Innisfail,AU,2022-04-09 17:28:53,-17.5333,146.0333,73.83,93,79,5.59
9,Yellowknife,CA,2022-04-09 17:28:53,62.456,-114.3525,24.42,73,20,24.16
10,Severo-Kurilsk,RU,2022-04-09 17:28:53,50.6789,156.125,24.39,77,41,4.18
11,Bredasdorp,ZA,2022-04-09 17:28:54,-34.5322,20.0403,61.68,81,13,22.3
12,Busselton,AU,2022-04-09 17:28:54,-33.65,115.3333,60.01,60,96,7.23
13,Torbay,CA,2022-04-09 17:28:55,47.6666,-52.7314,40.28,84,100,23.02
14,Rio Grande,BR,2022-04-09 17:26:36,-32.035,-52.0986,84.31,71,16,10.92
15,Morehead,US,2022-04-09 17:25:30,37.2711,-87.1764,50.79,46,75,8.05
16,Rikitea,PF,2022-04-09 17:28:55,-23.1203,-134.9692,79.07,74,33,18.81
17,Houma,US,2022-04-09 17:28:56,29.5958,-90.7195,70.0,31,0,6.91
18,Abbotsford,CA,2022-04-09 17:26:26,49.058,-122.2526,46.65,81,75,6.91
19,New Norfolk,AU,2022-04-09 17:28:56,-42.7826,147.0587,64.92,65,55,1.01
20,Yanahuanca,PE,2022-04-09 17:28:56,-10.5167,-76.4986,50.72,62,100,7.83
21,Naze,JP,2022-04-09 17:28:57,28.3667,129.4833,65.32,82,8,9.37
22,Lebu,CL,2022-04-09 17:28:57,-37.6167,-73.65,55.02,93,74,11.48
23,Kapaa,US,2022-04-09 17:28:57,22.0752,-159.319,74.19,85,100,14.97
24,Chokwe,MZ,2022-04-09 17:28:58,-24.5333,32.9833,71.69,66,100,9.17
25,Hithadhoo,MV,2022-04-09 17:28:58,-0.6,73.0833,83.86,69,71,8.37
26,Batagay,RU,2022-04-09 17:28:58,67.6333,134.6333,-2.56,100,100,2.98
27,Punta Arenas,CL,2022-04-09 17:25:54,-53.15,-70.9167,51.91,71,75,10.36
28,Flin Flon,CA,2022-04-09 17:28:59,54.7682,-101.865,37.24,70,75,8.05
29,Avarua,CK,2022-04-09 17:28:59,-21.2078,-159.775,82.45,78,20,10.36
30,Luderitz,NA,2022-04-09 17:28:59,-26.6481,15.1594,66.72,57,0,1.54
31,Bejar,ES,2022-04-09 17:29:00,40.3864,-5.7634,55.83,78,92,8.05
32,Requena,ES,2022-04-09 17:29:00,39.4883,-1.1004,60.51,51,51,17.07
33,Dali,CN,2022-04-09 17:29:01,25.7,100.1833,55.72,73,30,4.52
34,Bowen,AU,2022-04-09 17:29:01,-20.0167,148.2333,76.64,86,80,13.11
35,Butaritari,KI,2022-04-09 17:29:01,3.0707,172.7902,79.99,80,84,11.27
36,Sao Joao Da Barra,BR,2022-04-09 17:29:02,-21.6403,-41.0511,89.69,77,72,10.25
37,Chapais,CA,2022-04-09 17:29:02,49.7834,-74.8492,37.18,95,100,7.07
38,Mehamn,NO,2022-04-09 17:29:02,71.0357,27.8492,35.76,98,100,29.66
39,Port Keats,AU,2022-04-09 17:29:03,-14.25,129.55,76.32,50,5,4.29
40,Coihaique,CL,2022-04-09 17:28:10,-45.5752,-72.0662,54.21,71,40,6.91
41,Ushuaia,AR,2022-04-09 17:29:03,-54.8,-68.3,51.42,57,20,3.44
42,Tasiilaq,GL,2022-04-09 17:29:04,65.6145,-37.6368,33.96,82,100,3.51
43,Sabang,ID,2022-04-09 17:29:04,5.8933,95.3214,83.68,67,57,1.12
44,Poya,NC,2022-04-09 17:29:05,-21.35,165.15,74.95,92,74,4.5
45,Hermanus,ZA,2022-04-09 17:29:05,-34.4187,19.2345,63.81,76,0,24.2
46,Ilulissat,GL,2022-04-09 17:30:05,69.2167,-51.1,15.82,67,75,0.0
47,Bluff,NZ,2022-04-09 17:30:06,-46.6,168.3333,56.88,76,91,21.74
48,Verkhoyansk,RU,2022-04-09 17:30:07,67.5447,133.385,-7.78,98,100,3.69
49,Saint-Pierre,RE,2022-04-09 17:29:56,-21.3393,55.4781,78.48,67,100,18.41
50,Henties Bay,NA,2022-04-09 17:30:08,-22.116,14.2845,62.29,79,0,8.97
51,Mount Isa,AU,2022-04-09 17:30:08,-20.7333,139.5,78.57,29,18,8.05
52,Kawalu,ID,2022-04-09 17:30:08,-7.3817,108.2082,71.22,95,57,2.17
53,Souillac,MU,2022-04-09 17:30:09,-20.5167,57.5167,79.18,83,40,6.91
54,Hobart,AU,2022-04-09 17:26:04,-42.8794,147.3294,65.26,79,40,8.05
55,Iquique,CL,2022-04-09 17:25:12,-20.2208,-70.1431,69.84,65,48,8.08
56,Atuona,PF,2022-04-09 17:30:10,-9.8,-139.0333,79.57,78,26,22.57
57,Mimongo,GA,2022-04-09 17:30:10,-1.6195,11.6068,68.72,97,100,0.4
58,Sandnessjoen,NO,2022-04-09 17:30:10,66.0217,12.6316,42.66,64,100,3.0
59,Lasa,IT,2022-04-09 17:30:11,46.6166,10.7002,45.7,83,93,8.21
60,Christchurch,NZ,2022-04-09 17:30:11,-43.5333,172.6333,50.92,92,55,8.05
61,Billings,US,2022-04-09 17:26:48,45.7833,-108.5007,50.29,24,75,12.66
62,Alofi,NU,2022-04-09 17:30:12,-19.0595,-169.9187,73.29,94,75,1.14
63,Barra,BR,2022-04-09 17:29:04,-11.0894,-43.1417,95.0,23,12,4.97
64,Tieling,CN,2022-04-09 17:30:12,42.2931,123.8414,58.95,63,82,10.6
65,Suzdal,RU,2022-04-09 17:30:12,56.4281,40.4414,40.15,91,100,7.23
66,Provideniya,RU,2022-04-09 17:30:13,64.3833,-173.3,30.88,98,100,13.0
67,Carnarvon,AU,2022-04-09 17:30:13,-24.8667,113.6333,71.67,64,1,16.11
68,Eureka,US,2022-04-09 17:30:13,40.8021,-124.1637,54.12,66,5,13.0
69,Mar Del Plata,AR,2022-04-09 17:29:50,-38.0023,-57.5575,68.02,93,75,13.8
70,Iqaluit,CA,2022-04-09 17:29:51,63.7506,-68.5145,19.13,92,100,3.44
71,Tornio,FI,2022-04-09 17:30:14,65.8481,24.1466,32.02,93,100,6.6
72,Stornoway,GB,2022-04-09 17:30:14,58.2093,-6.3865,45.93,62,75,9.22
73,Cape Town,ZA,2022-04-09 17:27:03,-33.9258,18.4232,74.26,60,0,14.97
74,Constitucion,CL,2022-04-09 17:30:15,-35.3333,-72.4167,62.04,66,39,7.49
75,Mataura,NZ,2022-04-09 17:30:15,-46.1927,168.8643,43.25,98,80,2.91
76,Ilinskiy,RU,2022-04-09 17:30:15,55.619,38.1182,48.58,81,0,8.99
77,Acari,PE,2022-04-09 17:30:16,-15.4311,-74.6158,81.36,55,36,10.56
78,Nouakchott,MR,2022-04-09 17:30:16,18.0858,-15.9785,80.53,51,27,18.84
79,Yar-Sale,RU,2022-04-09 17:30:16,66.8333,70.8333,6.1,95,100,5.5
80,Havre,FR,2022-04-09 17:30:17,49.5833,0.3333,47.34,66,0,8.05
81,Ribeira Grande,PT,2022-04-09 17:30:17,38.5167,-28.7,57.6,62,20,32.21
82,Kaitangata,NZ,2022-04-09 17:30:17,-46.2817,169.8464,49.48,87,37,9.22
83,Arequipa,PE,2022-04-09 17:30:18,-16.3989,-71.535,69.87,37,20,10.36
84,Pevek,RU,2022-04-09 17:30:18,69.7008,170.3133,-25.98,100,79,5.79
85,Nikolskoye,RU,2022-04-09 17:30:18,59.7035,30.7861,44.49,87,100,8.23
86,Ejido,VE,2022-04-09 17:30:19,8.5514,-71.2375,79.84,60,78,5.53
87,Vardo,NO,2022-04-09 17:30:19,70.3705,31.1107,34.93,98,100,29.73
88,Saint-Philippe,RE,2022-04-09 17:30:20,-21.3585,55.7679,78.39,84,42,11.41
89,Chokurdakh,RU,2022-04-09 17:30:20,70.6333,147.9167,-24.54,100,84,5.46
90,Yerofey Pavlovich,RU,2022-04-09 17:30:21,53.9667,121.9667,25.65,86,100,7.29
91,Kruisfontein,ZA,2022-04-09 17:30:21,-34.0033,24.7314,63.88,87,87,14.07
92,Ginir,ET,2022-04-09 17:31:22,7.1333,40.7,62.11,62,42,4.41
93,Oga,IT,2022-04-09 17:31:22,46.4631,10.347,28.94,81,90,8.05
94,Lashio,MM,2022-04-09 17:31:23,22.9333,97.75,67.48,54,41,1.9
95,Asau,RO,2022-04-09 17:31:23,46.4333,26.4,63.52,82,92,5.14
96,Bontang,ID,2022-04-09 17:31:23,0.1333,117.5,77.41,88,100,7.74
97,Thompson,CA,2022-04-09 17:31:24,55.7435,-97.8558,39.36,35,100,8.05
98,Nizwa,OM,2022-04-09 17:31:24,22.9333,57.5333,86.58,12,80,7.14
99,Cobija,BO,2022-04-09 17:31:25,-11.0267,-68.7692,87.98,74,75,0.0
100,San Martin,AR,2022-04-09 17:31:25,-33.081,-68.4681,79.34,32,0,11.88
101,Tucurui,BR,2022-04-09 17:31:26,-3.7661,-49.6725,84.63,78,95,3.29
102,Waipawa,NZ,2022-04-09 17:31:26,-41.4122,175.5153,45.68,86,0,4.83
103,Chumphon,TH,2022-04-09 17:31:26,10.3333,98.8333,71.65,90,48,0.67
104,Cockburn Town,TC,2022-04-09 17:31:27,21.4612,-71.1419,78.82,79,63,20.04
105,Esmeraldas,BR,2022-04-09 17:26:55,-19.7625,-44.3139,81.64,55,80,8.05
106,Kaya,BF,2022-04-09 17:31:27,13.0917,-1.0844,103.62,13,15,2.37
107,Binzhou,CN,2022-04-09 17:31:28,37.3667,118.0167,72.77,48,0,13.2
108,Aden,YE,2022-04-09 17:31:28,12.7794,45.0367,81.93,70,0,15.17
109,Puerto Ayora,EC,2022-04-09 17:31:28,-0.7393,-90.3518,81.37,72,92,7.78
110,Ponta Do Sol,PT,2022-04-09 17:31:29,32.6667,-17.1,66.7,66,51,5.39
111,Bandarbeyla,SO,2022-04-09 17:31:29,9.4942,50.8122,81.03,77,99,8.86
112,Hilo,US,2022-04-09 17:31:29,19.7297,-155.09,72.1,88,0,3.44
113,Mangai,CD,2022-04-09 17:31:30,-4.05,19.5333,73.26,93,82,2.28
114,Ngudu,TZ,2022-04-09 17:31:30,-2.9667,33.3333,72.07,55,28,5.03
115,Nantucket,US,2022-04-09 17:31:31,41.2835,-70.0995,56.08,71,0,14.97
116,Karratha,AU,2022-04-09 17:31:31,-20.7377,116.8463,82.62,46,8,11.74
117,Virginia Beach,US,2022-04-09 17:29:18,36.8529,-75.978,61.02,45,54,1.01
118,Hami,CN,2022-04-09 17:31:31,42.8,93.45,62.69,16,47,11.36
119,Dingle,PH,2022-04-09 17:31:32,10.9995,122.6711,75.34,88,100,2.13
120,Darhan,MN,2022-04-09 17:31:32,49.4867,105.9228,35.56,75,40,1.25
121,Idritsa,RU,2022-04-09 17:31:32,56.3316,28.8988,39.49,90,100,7.02
122,Cherskiy,RU,2022-04-09 17:31:33,68.75,161.3,-23.64,100,86,2.37
123,Kormend,HU,2022-04-09 17:31:33,47.011,16.606,46.0,58,100,9.15
124,Las Cruces,US,2022-04-09 17:30:41,32.3123,-106.7783,75.31,12,0,9.22
125,Norman Wells,CA,2022-04-09 17:28:17,65.282,-126.8329,10.44,72,75,20.71
126,Katsuura,JP,2022-04-09 17:31:33,35.1333,140.3,60.28,85,0,11.97
127,Pangnirtung,CA,2022-04-09 17:31:34,66.1451,-65.7125,12.2,79,100,6.91
128,Saldanha,ZA,2022-04-09 17:31:34,-33.0117,17.9442,73.45,59,0,14.36
129,Mahebourg,MU,2022-04-09 17:31:34,-20.4081,57.7,79.09,83,40,6.91
130,Tibiri,NE,2022-04-09 17:31:35,13.5627,7.0485,96.89,7,5,6.8
131,Grindavik,IS,2022-04-09 17:31:35,63.8424,-22.4338,40.95,87,75,28.77
132,Georgetown,MY,2022-04-09 17:31:35,5.4112,100.3354,80.53,89,20,0.0
133,Tautira,PF,2022-04-09 17:31:36,-17.7333,-149.15,80.56,80,99,20.96
134,Dergachi,RU,2022-04-09 17:31:36,51.2328,48.7659,46.83,92,100,2.08
135,Chancay,PE,2022-04-09 17:31:36,-11.5714,-77.2672,73.08,72,93,8.72
136,San Rafael,AR,2022-04-09 17:32:18,-34.6177,-68.3301,83.66,33,8,13.35
137,Dikson,RU,2022-04-09 17:32:37,73.5069,80.5464,4.75,98,99,3.36
138,Bambous Virieux,MU,2022-04-09 17:32:37,-20.3428,57.7575,79.05,83,40,6.91
139,Arraial Do Cabo,BR,2022-04-09 17:32:38,-22.9661,-42.0278,84.16,78,0,14.97
140,Jamestown,US,2022-04-09 17:28:27,42.097,-79.2353,42.39,53,100,12.66
141,Garhi Khairo,PK,2022-04-09 17:32:39,28.0606,67.9803,92.43,8,2,6.31
142,Leningradskiy,RU,2022-04-09 17:32:39,69.3833,178.4167,-23.98,95,54,4.47
143,Sonoita,MX,2022-04-09 17:32:40,31.85,-112.8333,86.32,8,5,16.37
144,Oistins,BB,2022-04-09 17:32:40,13.0667,-59.5333,86.09,62,40,20.71
145,San Cristobal,VE,2022-04-09 17:32:41,7.7669,-72.225,82.58,37,83,7.96
146,Kintampo,GH,2022-04-09 17:29:10,8.0563,-1.7306,97.2,31,100,0.49
147,Nuuk,GL,2022-04-09 17:32:41,64.1835,-51.7216,27.21,74,40,10.36
148,Itarema,BR,2022-04-09 17:32:41,-2.9248,-39.9167,78.3,83,68,10.65
149,Sao Raimundo Nonato,BR,2022-04-09 17:32:42,-9.0153,-42.6994,98.35,20,52,7.58
150,Port Alfred,ZA,2022-04-09 17:29:06,-33.5906,26.891,62.19,94,96,4.0
151,Najran,SA,2022-04-09 17:32:42,17.4924,44.1277,81.25,15,0,4.61
152,Kenai,US,2022-04-09 17:32:42,60.5544,-151.2583,27.14,58,75,3.44
153,Nortelandia,BR,2022-04-09 17:32:43,-14.4547,-56.8028,92.12,49,17,1.25
154,Altay,CN,2022-04-09 17:32:43,47.8667,88.1167,35.22,64,15,6.04
155,Raga,SS,2022-04-09 17:32:43,8.4596,25.678,88.14,33,66,4.94
156,Almaznyy,RU,2022-04-09 17:32:44,48.0448,40.045,52.59,68,93,9.73
157,Madang,PG,2022-04-09 17:32:44,-5.2246,145.7966,75.49,93,100,1.9
158,Laje,BR,2022-04-09 17:32:44,-10.1833,-40.9667,92.95,24,12,6.82
159,Upernavik,GL,2022-04-09 17:32:45,72.7868,-56.1549,3.99,89,92,7.74
160,Ust-Kut,RU,2022-04-09 17:32:45,56.7938,105.7672,25.79,97,100,0.98
161,Fukue,JP,2022-04-09 17:32:45,32.6881,128.8419,62.24,82,8,6.31
162,Nome,US,2022-04-09 17:32:46,64.5011,-165.4064,23.07,93,100,9.22
163,Golden,US,2022-04-09 17:30:47,39.7555,-105.2211,72.95,17,98,11.99
164,Solnechnyy,RU,2022-04-09 17:32:46,50.7214,136.6319,20.35,97,76,4.0
165,Aksarka,RU,2022-04-09 17:32:46,66.5606,67.7975,10.35,95,100,6.71
166,Havre-Saint-Pierre,CA,2022-04-09 17:32:47,50.2334,-63.5986,35.96,93,100,6.91
167,Khatanga,RU,2022-04-09 17:32:47,71.9667,102.5,-3.73,100,67,5.3
168,Chekmagush,RU,2022-04-09 17:32:47,55.1319,54.6556,37.24,100,100,7.05
169,Ceahlau,RO,2022-04-09 17:32:48,47.05,25.9667,60.49,87,81,2.55
170,Victoria,HK,2022-04-09 17:32:48,22.2855,114.1577,73.94,74,0,11.01
171,Narsaq,GL,2022-04-09 17:32:48,60.9167,-46.05,39.42,47,1,1.32
172,Nouadhibou,MR,2022-04-09 17:32:49,20.931,-17.0347,67.98,73,0,21.85
173,Ostrovnoy,RU,2022-04-09 17:32:49,68.0531,39.5131,35.08,86,100,20.8
174,Krasnoselkup,RU,2022-04-09 17:32:49,65.7,82.4667,-9.58,100,60,7.63
175,Shenkursk,RU,2022-04-09 17:32:50,62.1091,42.896,35.74,97,100,4.74
176,Elin Pelin,BG,2022-04-09 17:32:50,42.6667,23.6,63.37,33,0,5.75
177,Barrow,US,2022-04-09 17:32:51,71.2906,-156.7887,-23.78,76,0,5.75
178,Kungurtug,RU,2022-04-09 17:32:51,50.5994,97.5228,24.1,88,99,1.81
179,Marawi,PH,2022-04-09 17:32:51,7.9986,124.2928,66.36,94,100,0.81
180,Tiksi,RU,2022-04-09 17:32:51,71.6872,128.8694,-13.36,100,100,3.29
181,Sitka,US,2022-04-09 17:32:52,57.0531,-135.33,37.29,75,40,3.44
182,Airai,TL,2022-04-09 17:32:52,-8.9266,125.4092,58.64,69,99,2.24
183,Kozmodemyansk,RU,2022-04-09 17:32:52,56.3367,46.5711,39.47,98,100,7.72
184,Vestmanna,FO,2022-04-09 17:32:53,62.1564,-7.1664,34.72,64,100,5.75
185,Sakakah,SA,2022-04-09 17:33:54,29.9697,40.2064,80.17,12,0,7.31
186,Yangambi,CD,2022-04-09 17:33:54,0.8102,24.4336,77.86,62,20,2.06
187,Tabuk,PH,2022-04-09 17:33:54,17.4189,121.4443,71.29,93,72,2.39
188,Guerrero Negro,MX,2022-04-09 17:33:55,27.9769,-114.0611,81.09,27,4,2.89
189,Komsomolskiy,UZ,2022-04-09 17:33:56,40.4272,71.7189,70.52,40,89,4.61
190,Tuktoyaktuk,CA,2022-04-09 17:33:56,69.4541,-133.0374,5.0,85,100,23.02
191,Lukovetskiy,RU,2022-04-09 17:33:56,64.2956,41.9211,34.27,94,76,6.44
192,Klaksvik,FO,2022-04-09 17:33:57,62.2266,-6.589,36.52,67,100,13.6
193,Quatre Cocos,MU,2022-04-09 17:33:57,-20.2078,57.7625,78.91,78,14,13.11
194,Ambagarh Chauki,IN,2022-04-09 17:33:57,20.7833,80.7167,86.85,22,47,3.94
195,Loiza,PR,2022-04-09 17:33:58,18.4313,-65.8802,86.81,60,40,18.41
196,Karad,IN,2022-04-09 17:33:58,17.2833,74.2,78.94,73,47,6.04
197,Port Elizabeth,ZA,2022-04-09 17:33:58,-33.918,25.5701,66.09,86,100,13.8
198,Lavrentiya,RU,2022-04-09 17:33:59,65.5833,-171.0,11.01,92,100,3.2
199,Tubuala,PA,2022-04-09 17:33:59,9.5167,-79.0333,78.8,89,100,13.38
200,Anklam,DE,2022-04-09 17:34:00,53.8564,13.6897,46.06,67,70,16.82
201,Yuancheng,CN,2022-04-09 17:34:00,36.652,107.7896,61.21,25,0,5.35
202,Hualmay,PE,2022-04-09 17:34:00,-11.0964,-77.6139,74.19,70,87,9.24
203,Svetlaya,RU,2022-04-09 17:34:01,46.5389,138.3297,31.41,92,19,4.56
204,Bara,NG,2022-04-09 17:34:01,10.3744,10.7288,98.38,22,78,8.1
205,Saskylakh,RU,2022-04-09 17:34:01,71.9167,114.0833,-15.21,97,39,2.35
206,Elko,US,2022-04-09 17:31:41,41.0002,-115.5012,43.23,43,18,5.01
207,Port Blair,IN,2022-04-09 17:34:02,11.6667,92.75,80.64,89,20,2.3
208,Fengrun,CN,2022-04-09 17:34:02,39.8333,118.1167,55.09,73,7,3.67
209,Yenagoa,NG,2022-04-09 17:34:02,4.9247,6.2642,78.39,86,100,5.53
210,Pandan,PH,2022-04-09 17:34:03,14.0453,124.1694,77.9,89,100,8.03
211,Fare,PF,2022-04-09 17:34:03,-16.7,-151.0167,81.9,75,97,20.09
212,Balykshi,KZ,2022-04-09 17:34:04,47.0667,51.8667,55.4,76,75,8.95
213,Hambantota,LK,2022-04-09 17:34:04,6.1241,81.1185,78.89,83,100,10.67
214,Marzuq,YE,2022-04-09 17:34:04,14.4,46.4667,71.35,44,9,9.01
215,Broken Hill,AU,2022-04-09 17:34:05,-31.95,141.4333,60.51,77,1,6.91
216,Nelson Bay,AU,2022-04-09 17:34:05,-32.7167,152.15,64.99,93,42,7.27
217,Roald,NO,2022-04-09 17:34:05,62.5833,6.1333,38.34,87,75,17.27
218,Mushie,CD,2022-04-09 17:34:06,-3.0167,16.9,74.3,91,75,6.8
219,Trincomalee,LK,2022-04-09 17:34:06,8.5711,81.2335,80.73,79,100,4.65
220,Yumen,CN,2022-04-09 17:34:07,40.2833,97.2,53.29,36,46,11.56
221,Gat,IL,2022-04-09 17:34:07,31.61,34.7642,68.4,100,0,8.34
222,Fort-Shevchenko,KZ,2022-04-09 17:34:07,44.5086,50.263,50.47,84,89,4.12
223,Ancud,CL,2022-04-09 17:31:49,-41.8697,-73.8203,52.81,81,100,7.18
224,Hashtrud,IR,2022-04-09 17:34:08,37.4779,47.0508,46.99,74,72,7.81
225,Izhma,RU,2022-04-09 17:34:08,65.0083,53.9113,36.07,98,100,11.72
226,Moron,AR,2022-04-09 17:34:08,-34.6534,-58.6198,80.94,63,0,6.8
227,Tromso,NO,2022-04-09 17:33:06,69.6496,18.957,37.42,65,75,13.8
228,Marsabit,KE,2022-04-09 17:34:09,2.3284,37.9899,75.42,43,66,9.33
229,Wanning,CN,2022-04-09 17:34:09,18.8003,110.3967,68.54,86,32,3.29
230,Bethel,US,2022-04-09 17:34:09,41.3712,-73.414,54.01,80,100,10.36
231,Felanitx,ES,2022-04-09 17:34:10,39.4696,3.1483,64.92,78,68,12.39
232,Williston,US,2022-04-09 17:34:35,48.147,-103.618,52.54,39,98,8.99
233,Kysyl-Syr,RU,2022-04-09 17:35:11,63.8986,122.7617,9.43,95,94,3.98
234,Sur,OM,2022-04-09 17:35:11,22.5667,59.5289,88.74,37,100,8.7
235,Indramayu,ID,2022-04-09 17:35:12,-6.3264,108.32,77.09,85,75,6.73
236,Lazaro Cardenas,MX,2022-04-09 17:35:12,17.9583,-102.2,85.73,44,4,9.28
237,Turukhansk,RU,2022-04-09 17:35:12,65.8167,87.9833,-1.17,100,98,5.39
238,Tandil,AR,2022-04-09 17:35:13,-37.3217,-59.1332,75.97,42,6,8.48
239,Kodiak,US,2022-04-09 17:35:13,57.79,-152.4072,31.51,43,0,14.97
240,Launceston,AU,2022-04-09 17:35:15,-41.45,147.1667,64.8,91,100,16.11
241,Weyburn,CA,2022-04-09 17:31:01,49.6668,-103.8511,46.62,71,100,9.22
242,Hasaki,JP,2022-04-09 17:35:15,35.7333,140.8333,52.2,87,0,7.76
243,Touros,BR,2022-04-09 17:35:15,-5.1989,-35.4608,85.06,69,38,16.58
244,Fairview Heights,US,2022-04-09 17:35:16,38.5889,-89.9904,54.95,40,0,13.8
245,Ampanihy,MG,2022-04-09 17:35:16,-24.7,44.75,72.84,82,27,14.72
246,Grand Gaube,MU,2022-04-09 17:35:16,-20.0064,57.6608,79.2,85,4,3.0
247,Arkhangelsk,RU,2022-04-09 17:35:17,64.5401,40.5433,39.31,70,0,6.71
248,Saint George,US,2022-04-09 17:31:01,37.1041,-113.5841,73.8,17,0,0.0
249,Cabedelo,BR,2022-04-09 17:35:18,-6.9811,-34.8339,88.47,71,58,15.08
250,Kumsi,IN,2022-04-09 17:35:18,14.0667,75.4,74.14,86,65,4.83
251,Cidreira,BR,2022-04-09 17:35:18,-30.1811,-50.2056,72.0,80,66,9.17
252,Vaini,TO,2022-04-09 17:35:19,-21.2,-175.2,77.16,88,75,5.75
253,Sioux Lookout,CA,2022-04-09 17:35:19,50.1001,-91.917,37.47,35,40,3.44
254,Copiapo,CL,2022-04-09 17:35:20,-27.3667,-70.3333,60.49,33,1,8.21
255,Abalak,RU,2022-04-09 17:35:20,58.1286,68.5944,27.12,94,46,4.65
256,Mazagao,BR,2022-04-09 17:35:21,-0.115,-51.2894,82.45,84,81,5.86
257,Dombarovskiy,RU,2022-04-09 17:35:21,50.7587,59.5386,45.59,88,100,20.74
258,Qaqortoq,GL,2022-04-09 17:35:22,60.7167,-46.0333,32.79,59,5,2.26
259,Beyneu,KZ,2022-04-09 17:35:22,45.3167,55.2,59.58,56,81,13.58
260,Itoman,JP,2022-04-09 17:35:22,26.1247,127.6694,72.37,86,75,11.5
261,Minuri,PH,2022-04-09 17:35:23,16.535,121.8574,70.77,96,57,1.79
262,Oriximina,BR,2022-04-09 17:35:23,-1.7656,-55.8661,83.41,75,98,2.93
263,Sajanan,TN,2022-04-09 17:35:24,37.0573,9.2426,59.92,92,38,11.88
264,Husavik,IS,2022-04-09 17:35:24,66.0449,-17.3389,28.74,76,46,5.7
265,Sokoni,TZ,2022-04-09 17:35:24,-6.4333,39.55,84.11,69,8,15.19
266,Strai,NO,2022-04-09 17:35:25,58.2,7.9,43.39,47,0,17.27
267,Ayan,RU,2022-04-09 17:35:25,56.45,138.1667,16.68,82,9,7.16
268,Crestview,US,2022-04-09 17:30:42,30.7621,-86.5705,64.42,29,0,16.11
269,Verkhnevilyuysk,RU,2022-04-09 17:35:26,63.4453,120.3167,2.26,100,90,2.8
270,Vila Franca Do Campo,PT,2022-04-09 17:35:26,37.7167,-25.4333,57.61,78,70,23.4
271,Nishihara,JP,2022-04-09 17:35:26,26.1842,127.7558,71.65,89,75,11.5
272,Dunedin,NZ,2022-04-09 17:30:51,-45.8742,170.5036,49.44,84,69,10.16
273,Hearst,CA,2022-04-09 17:35:27,49.6835,-83.6665,23.25,90,100,9.37
274,Bandar-E Lengeh,IR,2022-04-09 17:35:27,26.5579,54.8807,78.91,73,74,9.22
275,Bom Jardim,BR,2022-04-09 17:35:28,-7.7958,-35.5872,87.04,50,89,14.92
276,Port Macquarie,AU,2022-04-09 17:35:28,-31.4333,152.9167,62.89,89,38,3.89
277,Oster,UA,2022-04-09 17:35:28,50.9506,30.8823,49.37,89,100,6.06
278,Kendari,ID,2022-04-09 17:35:29,-3.945,122.4989,74.68,93,81,4.09
279,Smithers,CA,2022-04-09 17:36:29,54.7804,-127.1743,34.12,60,40,2.3
280,Ciudad Bolivar,VE,2022-04-09 17:36:30,8.1222,-63.5497,97.39,29,48,9.01
281,La Asuncion,VE,2022-04-09 17:35:09,11.0333,-63.8628,87.53,55,71,18.41
282,Westport,US,2022-04-09 17:31:38,41.1415,-73.3579,56.89,77,75,17.27
283,Randazzo,IT,2022-04-09 17:36:32,37.8774,14.9501,56.28,66,90,4.85
284,Severobaykalsk,RU,2022-04-09 17:36:32,55.65,109.3167,19.99,86,100,6.22
285,Bubaque,GW,2022-04-09 17:36:33,11.2833,-15.8333,76.87,76,45,18.39
286,Pisco,PE,2022-04-09 17:36:33,-13.7,-76.2167,74.01,83,75,10.36
287,Nosy Varika,MG,2022-04-09 17:36:34,-20.5833,48.5333,75.94,79,52,5.21
288,Cabo San Lucas,MX,2022-04-09 17:34:33,22.8909,-109.9124,80.62,69,0,16.11
289,Kurchum,KZ,2022-04-09 17:36:34,48.5722,83.6542,36.43,67,0,7.94
290,Clinton,US,2022-04-09 17:34:57,42.587,-82.9199,41.95,69,100,12.66
291,Codrington,AU,2022-04-09 17:36:34,-38.2667,141.9667,62.96,76,44,12.68
292,Los Llanos De Aridane,ES,2022-04-09 17:36:35,28.6585,-17.9182,62.35,84,75,4.0
293,Javanrud,IR,2022-04-09 17:36:35,34.7961,46.5172,49.93,67,1,6.26
294,Borogontsy,RU,2022-04-09 17:36:36,62.6683,131.1683,21.36,93,100,7.45
295,Coquimbo,CL,2022-04-09 17:35:22,-29.9533,-71.3436,58.73,82,100,5.75
296,Lingdong,CN,2022-04-09 17:36:36,46.5669,131.1453,41.76,72,80,4.68
297,Znamenskoye,RU,2022-04-09 17:36:37,57.1281,73.8282,24.13,90,11,3.22
298,Yelets,RU,2022-04-09 17:36:37,52.6237,38.5017,50.18,69,100,11.56
299,Te Anau,NZ,2022-04-09 17:36:37,-45.4167,167.7167,42.46,90,50,0.58
300,Ishcherskaya,RU,2022-04-09 17:36:38,43.7153,45.1264,59.45,54,31,5.37
301,Maturin,VE,2022-04-09 17:36:38,9.75,-63.1767,96.75,30,94,9.22
302,Nanortalik,GL,2022-04-09 17:36:39,60.1432,-45.2371,32.16,73,10,1.07
303,Villarrica,PY,2022-04-09 17:36:39,-25.75,-56.4333,87.28,52,16,3.11
304,Aksu,CN,2022-04-09 17:36:40,41.1231,80.2644,68.02,28,87,8.16
305,Dhidhdhoo,MV,2022-04-09 17:36:40,6.8833,73.1,84.85,71,97,11.3
306,Genhe,CN,2022-04-09 17:36:41,50.7833,121.5167,33.31,87,100,15.1
307,Kahului,US,2022-04-09 17:36:41,20.8947,-156.47,76.84,76,20,8.01
308,Eskisehir,TR,2022-04-09 17:36:42,39.7767,30.5206,69.71,26,0,9.22
309,Liverpool,GB,2022-04-09 17:36:16,53.4106,-2.9779,48.61,61,40,14.97
310,Salalah,OM,2022-04-09 17:36:42,17.0151,54.0924,82.49,83,0,3.44
311,Ouesso,CG,2022-04-09 17:36:43,1.6136,16.0517,80.46,59,71,2.37
312,Talnakh,RU,2022-04-09 17:36:43,69.4865,88.3972,-3.8,98,100,3.2
313,Bom Jesus Da Lapa,BR,2022-04-09 17:36:44,-13.255,-43.4181,99.88,18,6,4.9
314,Bengkulu,ID,2022-04-09 17:36:44,-3.8004,102.2655,77.05,84,100,3.47
315,Bacolod,PH,2022-04-09 17:35:57,10.6667,122.95,76.21,84,100,4.18
316,Jasper,US,2022-04-09 17:36:44,37.2001,-94.3502,61.02,20,0,13.8
317,Bellmead,US,2022-04-09 17:36:45,31.594,-97.1089,82.63,26,0,13.8
318,Oranjemund,NA,2022-04-09 17:36:45,-28.55,16.4333,68.36,52,0,14.83
319,Rio Bananal,BR,2022-04-09 17:36:45,-19.265,-40.3333,89.58,49,89,3.15
320,Poso,ID,2022-04-09 17:36:48,-1.3959,120.7524,77.07,89,99,4.79
321,Tiznit,MA,2022-04-09 17:33:13,29.5833,-9.5,77.56,21,0,2.08
322,Lumphat,KH,2022-04-09 17:36:49,13.4878,106.9816,74.1,65,16,2.77
323,Lompoc,US,2022-04-09 17:35:24,34.6391,-120.4579,66.61,72,20,20.71
324,De Aar,ZA,2022-04-09 17:37:50,-30.6497,24.0123,57.72,70,100,11.25
325,Labuhan,ID,2022-04-09 17:37:50,-6.8844,112.2051,77.47,87,86,7.4
326,Kaduna,NG,2022-04-09 17:35:25,10.5222,7.4383,94.41,21,61,6.22
327,Deputatskiy,RU,2022-04-09 17:37:52,69.3,139.9,-22.76,100,100,0.6
328,Geraldton,AU,2022-04-09 17:37:52,-28.7667,114.6,63.01,67,100,9.22
329,Bima,ID,2022-04-09 17:37:53,-8.4667,118.7167,74.89,93,5,2.35
330,Shkoder,AL,2022-04-09 17:37:53,42.0683,19.5126,60.98,83,57,2.95
331,Tatawin,TN,2022-04-09 17:37:54,32.9297,10.4518,69.84,21,0,10.92
332,Mikhaylovka,RU,2022-04-09 17:37:54,50.06,43.2379,49.69,87,51,1.66
333,Acarau,BR,2022-04-09 17:37:54,-2.8856,-40.12,78.84,81,66,11.99
334,Pacific Grove,US,2022-04-09 17:37:55,36.6177,-121.9166,66.58,77,20,5.99
335,Aripuana,BR,2022-04-09 17:37:55,-9.1667,-60.6333,82.85,88,99,1.59
336,Amasya,TR,2022-04-09 17:37:55,40.6667,35.8333,58.68,43,6,4.45
337,Ambilobe,MG,2022-04-09 17:37:56,-13.2,49.05,74.68,93,97,2.55
338,Tessaoua,NE,2022-04-09 17:37:56,13.7574,7.9874,92.88,6,3,4.79
339,Sterling,US,2022-04-09 17:35:23,39.0062,-77.4286,55.96,53,75,13.8
340,Juneau,US,2022-04-09 17:37:56,58.3019,-134.4197,40.84,89,75,4.61
341,Vila Velha,BR,2022-04-09 17:37:57,-20.3297,-40.2925,91.35,58,0,14.97
342,Ponazyrevo,RU,2022-04-09 17:37:57,58.3578,46.3142,39.13,96,100,8.63
343,Beaverlodge,CA,2022-04-09 17:36:31,55.2166,-119.4361,38.55,66,100,18.16
344,Port Hardy,CA,2022-04-09 17:37:58,50.6996,-127.4199,41.18,75,40,9.22
345,Tarabha,IN,2022-04-09 17:37:58,20.7333,83.65,85.8,29,34,9.04
346,Wanxian,CN,2022-04-09 17:37:59,30.8039,108.3897,69.35,70,4,1.66
347,Cap Malheureux,MU,2022-04-09 17:37:59,-19.9842,57.6142,77.47,85,4,3.0
348,Yerkoy,TR,2022-04-09 17:37:59,39.6381,34.4672,58.42,40,1,1.81
349,Saint-Augustin,CA,2022-04-09 17:38:00,51.226,-58.6502,32.81,100,100,10.47
350,Arawa,PG,2022-04-09 17:38:00,-6.2132,155.5367,75.69,89,82,1.1
351,Moose Factory,CA,2022-04-09 17:38:01,51.2585,-80.6094,30.2,74,100,11.5
352,Warmbad,NA,2022-04-09 17:38:01,-28.45,18.7333,73.2,52,15,9.19
353,Patiya,BD,2022-04-09 17:38:02,22.2931,91.9762,75.24,89,13,5.12
354,Maunabo,PR,2022-04-09 17:38:02,18.0072,-65.8993,86.65,72,95,12.41
355,Orlik,RU,2022-04-09 17:38:02,52.5178,99.825,8.78,91,81,1.81
356,Padang,ID,2022-04-09 17:38:03,-0.9492,100.3543,77.99,78,96,3.06
357,Nhulunbuy,AU,2022-04-09 17:38:03,-12.2333,136.7667,79.41,83,81,4.61
358,Gisborne,NZ,2022-04-09 17:38:04,-38.6533,178.0042,50.41,87,4,5.99
359,Nichinan,JP,2022-04-09 17:38:04,31.6,131.3667,58.73,77,0,2.08
360,Montlucon,FR,2022-04-09 17:38:04,46.3333,2.6,49.69,65,65,5.53
361,Mitrofanovka,RU,2022-04-09 17:38:05,49.9708,39.6939,53.1,56,89,7.4
362,Miles City,US,2022-04-09 17:38:05,46.4083,-105.8406,47.37,53,75,16.11
363,Kieta,PG,2022-04-09 17:38:06,-6.2167,155.6333,78.24,81,71,0.98
364,Laguna,US,2022-04-09 17:38:06,38.421,-121.4238,69.3,28,0,25.32
365,Aykhal,RU,2022-04-09 17:38:06,66.0,111.5,5.76,100,28,3.0
366,Sao Filipe,CV,2022-04-09 17:38:07,14.8961,-24.4956,76.03,66,74,13.44
367,Harlingen,US,2022-04-09 17:38:07,26.1906,-97.6961,82.36,44,0,23.02
368,Alice Springs,AU,2022-04-09 17:38:08,-23.7,133.8833,54.95,50,0,4.61
369,Hermiston,US,2022-04-09 17:38:08,45.8404,-119.2895,52.12,50,0,20.71
370,Bathsheba,BB,2022-04-09 17:38:08,13.2167,-59.5167,86.61,62,40,20.71
371,Talaya,RU,2022-04-09 17:39:09,61.3833,152.75,-1.52,99,100,4.09
372,Vostok,RU,2022-04-09 17:39:09,46.4856,135.8833,24.03,96,35,4.59
373,Forest Lake,US,2022-04-09 17:36:00,45.2789,-92.9852,51.19,30,19,1.99
374,Tezu,IN,2022-04-09 17:39:10,27.9167,96.1667,67.42,78,36,4.03
375,Tongchuan,CN,2022-04-09 17:39:11,35.0806,109.0897,64.92,27,0,2.66
376,Pong,TH,2022-04-09 17:39:11,19.1493,100.2752,78.66,54,16,2.37
377,Richards Bay,ZA,2022-04-09 17:39:12,-28.783,32.0377,66.83,85,100,5.41
378,Kaspiyskiy,RU,2022-04-09 17:39:12,45.3929,47.3707,55.26,65,45,7.58
379,Huangyan,CN,2022-04-09 17:39:13,28.6478,121.2594,58.05,95,54,2.42
380,Ust-Tsilma,RU,2022-04-09 17:39:13,65.441,52.1498,36.61,99,100,9.95
381,Tanout,NE,2022-04-09 17:39:13,14.9709,8.8879,94.51,4,4,11.39
382,Faanui,PF,2022-04-09 17:39:14,-16.4833,-151.75,82.2,74,96,18.95
383,Hare Bay,CA,2022-04-09 17:39:14,48.8499,-54.0148,36.75,80,100,13.85
384,Shelburne,CA,2022-04-09 17:34:53,44.0787,-80.2041,40.77,82,100,11.5
385,Korla,CN,2022-04-09 17:39:15,41.7597,86.1469,67.23,26,88,10.78
386,Inhambane,MZ,2022-04-09 17:39:16,-23.865,35.3833,75.61,64,100,17.65
387,Montoro,ES,2022-04-09 17:35:45,38.0241,-4.3834,72.18,63,68,1.9
388,Miquelon,PM,2022-04-09 17:39:16,47.0975,-56.3814,35.6,96,100,32.57
389,Terney,RU,2022-04-09 17:39:16,45.0503,136.6092,35.74,89,45,5.14
390,Tessalit,ML,2022-04-09 17:39:17,20.1986,1.0114,92.16,6,0,11.7
391,Zunyi,CN,2022-04-09 17:39:17,27.6867,106.9072,54.79,95,80,1.5
392,Anchorage,US,2022-04-09 17:39:18,61.2181,-149.9003,26.94,48,0,6.91
393,Vanimo,PG,2022-04-09 17:39:18,-2.6741,141.3028,77.23,92,99,4.79
394,The Valley,AI,2022-04-09 17:39:18,18.217,-63.0578,82.54,65,20,19.57
395,Esperance,AU,2022-04-09 17:39:19,-33.8667,121.9,57.04,58,19,4.56
396,Egvekinot,RU,2022-04-09 17:39:19,66.3167,-179.1667,-2.45,93,94,3.83
397,Sangar,RU,2022-04-09 17:39:20,63.9242,127.4739,11.03,97,100,6.2
398,Sudak,UA,2022-04-09 17:39:20,44.85,34.9667,50.95,78,52,2.98
399,Ust-Ilimsk,RU,2022-04-09 17:39:21,58.0006,102.6619,25.66,96,100,1.61
400,Vielsalm,BE,2022-04-09 17:39:21,50.2841,5.915,40.6,89,85,6.44
401,Maxixe,MZ,2022-04-09 17:35:11,-23.8597,35.3472,75.0,65,100,16.06
402,Uglekamensk,RU,2022-04-09 17:39:21,43.2172,133.2303,46.89,84,100,2.62
403,Pakxan,LA,2022-04-09 17:39:22,18.3778,103.6601,75.13,52,15,2.57
404,Alta Floresta,BR,2022-04-09 17:34:25,-9.8756,-56.0861,91.22,55,40,3.44
405,East London,ZA,2022-04-09 17:34:59,-33.0153,27.9116,61.74,100,100,11.5
406,Kloulklubed,PW,2022-04-09 17:39:23,7.0419,134.2556,75.7,80,100,19.39
407,Benguela,AO,2022-04-09 17:39:23,-12.5763,13.4055,76.55,86,90,3.6
408,Nipawin,CA,2022-04-09 17:39:23,53.3668,-104.0009,39.24,81,0,9.22
409,Manzhouli,CN,2022-04-09 17:39:24,49.6,117.4333,36.14,83,75,16.69
410,Ahipara,NZ,2022-04-09 17:39:24,-35.1667,173.1667,61.09,81,68,5.59
411,Poronaysk,RU,2022-04-09 17:39:24,49.2167,143.1167,28.83,89,64,5.26
412,Bitung,ID,2022-04-09 17:39:25,1.4451,125.1824,77.85,81,81,4.23
413,Calderitas,MX,2022-04-09 17:39:25,18.55,-88.25,82.51,51,0,9.22
414,Samagaltay,RU,2022-04-09 17:39:26,50.6022,95.0047,26.62,75,78,8.08
415,Tocache,PE,2022-04-09 17:40:26,-8.1842,-76.5125,87.1,55,100,1.1
416,Orocue,CO,2022-04-09 17:40:27,4.7912,-71.3354,94.84,40,67,7.2
417,Rio Gallegos,AR,2022-04-09 17:40:27,-51.6226,-69.2181,44.65,93,100,6.91
418,Beringovskiy,RU,2022-04-09 17:40:28,63.05,179.3167,34.16,84,100,23.8
419,Tamiahua,MX,2022-04-09 17:40:28,21.2667,-97.45,77.94,51,55,16.96
420,Belyy Yar,RU,2022-04-09 17:40:29,53.6039,91.3903,33.85,80,75,8.95
421,Galesong,ID,2022-04-09 17:40:29,-5.3166,119.3661,75.22,84,53,4.07
422,Ayr,GB,2022-04-09 17:40:30,55.4627,-4.6339,48.31,53,20,17.27
423,Bambamarca,PE,2022-04-09 17:40:30,-6.6833,-78.5333,64.87,68,96,6.76
424,Altayskoye,RU,2022-04-09 17:40:30,51.9533,85.3325,31.28,86,81,4.36
425,Denpasar,ID,2022-04-09 17:38:02,-8.65,115.2167,78.46,94,20,1.14
426,Comodoro Rivadavia,AR,2022-04-09 17:40:31,-45.8667,-67.5,60.66,77,40,5.75
427,Balkanabat,TM,2022-04-09 17:40:31,39.5108,54.3671,74.03,33,100,6.31
428,Chuy,UY,2022-04-09 17:40:32,-33.6971,-53.4616,76.39,54,14,8.59
429,Nyurba,RU,2022-04-09 17:40:32,63.2842,118.3319,0.68,100,85,1.41
430,Rocha,UY,2022-04-09 17:40:32,-34.4833,-54.3333,76.98,51,30,8.25
431,Buraydah,SA,2022-04-09 17:40:32,26.326,43.975,88.25,12,0,11.52
432,Terrace,CA,2022-04-09 17:40:33,54.5163,-128.6035,37.31,75,75,14.97
433,Rusape,ZW,2022-04-09 17:40:33,-18.5278,32.1284,60.53,93,100,8.99
434,Lalsk,RU,2022-04-09 17:40:34,60.7415,47.5862,39.47,94,100,9.55
435,Poum,NC,2022-04-09 17:40:34,-20.2333,164.0167,79.52,81,99,13.49
436,Fairbanks,US,2022-04-09 17:40:02,64.8378,-147.7164,5.81,60,0,1.99
437,Charagua,BO,2022-04-09 17:40:34,-19.8,-63.2167,81.97,43,96,10.51
438,Kerman,IR,2022-04-09 17:35:49,30.2832,57.0788,71.46,12,75,0.0
439,Portland,US,2022-04-09 17:37:06,45.5234,-122.6762,48.9,71,75,9.22
440,Jambi,ID,2022-04-09 17:40:35,-1.6,103.6167,73.72,96,96,0.81
441,Birin,NP,2022-04-09 17:40:35,26.8865,88.0718,60.21,73,18,5.59
442,Mabaruma,GY,2022-04-09 17:40:35,8.2,-59.7833,84.45,62,47,8.3
443,Arkhangelskoye,RU,2022-04-09 17:40:36,55.8549,35.3287,42.69,90,100,14.99
444,Kavieng,PG,2022-04-09 17:40:36,-2.5744,150.7967,79.95,81,95,5.68
445,Marsh Harbour,BS,2022-04-09 17:40:36,26.5412,-77.0636,72.5,55,71,17.74
446,Hangu,CN,2022-04-09 17:40:37,39.2489,117.7892,53.64,76,1,6.29
447,Pangoa,PE,2022-04-09 17:40:37,-12.1167,-73.0,74.8,93,96,2.86
448,Khorixas,NA,2022-04-09 17:39:06,-20.3667,14.9667,79.27,27,0,15.7
449,Caravelas,BR,2022-04-09 17:40:37,-17.7125,-39.2481,84.31,62,64,6.17
450,Iralaya,HN,2022-04-09 17:40:38,15.0,-83.2333,84.43,62,86,13.53
451,Kandrian,PG,2022-04-09 17:40:38,-6.2167,149.55,76.21,89,100,3.65
452,Kango,GA,2022-04-09 17:40:38,0.1943,10.0951,72.73,96,100,2.33
453,Sao Miguel Do Araguaia,BR,2022-04-09 17:40:39,-13.275,-50.1628,90.43,45,27,2.37
454,Port Moresby,PG,2022-04-09 17:40:39,-9.4431,147.1797,76.42,100,40,5.75
455,Villa Carlos Paz,AR,2022-04-09 17:40:39,-31.4241,-64.4978,80.38,31,15,15.99
456,Key West,US,2022-04-09 17:39:14,24.5557,-81.7826,82.4,48,75,18.41
457,Taoudenni,ML,2022-04-09 17:40:40,22.6783,-3.9836,90.27,5,0,12.91
458,Hirado,JP,2022-04-09 17:40:40,33.3597,129.5531,51.39,83,3,7.52
459,Santa Maria,BR,2022-04-09 17:39:05,-29.6842,-53.8069,72.7,73,75,4.61
460,Venezuela,VE,2022-04-09 17:40:40,8.0,-66.0,97.03,31,55,15.99
461,Lokosovo,RU,2022-04-09 17:40:41,61.1333,74.8167,0.0,99,46,3.44
462,Tabou,CI,2022-04-09 17:40:41,4.423,-7.3528,83.35,78,92,9.48
463,Esna,EG,2022-04-09 17:41:42,25.2934,32.554,91.42,10,42,14.0
464,Hay River,CA,2022-04-09 17:41:42,60.8156,-115.7999,28.38,74,75,17.27
465,Micomeseng,GQ,2022-04-09 17:41:43,2.1462,10.6164,71.02,93,100,1.52
466,Barpali,IN,2022-04-09 17:41:43,21.2,83.5833,89.53,18,7,6.46
467,Tecoanapa,MX,2022-04-09 17:41:43,16.5167,-98.75,85.69,49,73,10.07
468,Claveria,PH,2022-04-09 17:41:45,18.6074,121.0832,76.15,90,63,10.63
469,Marienburg,PL,2022-04-09 17:41:45,54.0359,19.0266,44.11,56,44,8.79
470,Khasan,RU,2022-04-09 17:43:33,42.4308,130.6434,43.77,81,99,5.14
471,Acapulco,MX,2022-04-09 17:43:33,16.8634,-99.8901,85.82,62,40,6.91
472,Ust-Kuyga,RU,2022-04-09 17:43:34,70.0167,135.6,-14.22,99,100,5.59
473,Fortuna,US,2022-04-09 17:43:34,40.5982,-124.1573,53.85,64,0,19.57
474,Rosarito,MX,2022-04-09 17:43:34,32.3333,-117.0333,79.66,58,97,6.98
475,Tuatapere,NZ,2022-04-09 17:43:34,-46.1333,167.6833,45.05,89,55,4.41
476,Ust-Ishim,RU,2022-04-09 17:43:35,57.6935,71.1665,21.15,95,34,2.42
477,San Quintin,MX,2022-04-09 17:40:04,30.4833,-115.95,72.9,48,7,8.48
478,Kalmunai,LK,2022-04-09 17:43:35,7.4167,81.8167,79.32,81,100,4.18
479,Chabahar,IR,2022-04-09 17:43:35,25.2919,60.643,83.95,49,53,10.54
480,Vao,NC,2022-04-09 17:43:37,-22.6667,167.4833,77.7,83,40,23.35
481,Gushikawa,JP,2022-04-09 17:43:37,26.3544,127.8686,71.6,90,40,9.22
482,Creston,US,2022-04-09 17:43:37,41.0586,-94.3614,49.96,29,0,5.75
483,Mokhsogollokh,RU,2022-04-09 17:43:37,61.4681,128.9203,4.26,99,71,4.25
484,Khao Yoi,TH,2022-04-09 17:43:38,13.2403,99.8243,84.97,49,94,5.01
485,Misilmeri,IT,2022-04-09 17:43:38,38.0339,13.4518,62.65,78,65,8.16
486,Parrita,CR,2022-04-09 17:43:38,9.5201,-84.3225,85.53,67,76,5.32
487,Mangrol,IN,2022-04-09 17:43:39,21.1167,70.1167,81.52,70,2,8.68
488,Margate,GB,2022-04-09 17:43:39,51.3813,1.3862,50.7,54,67,5.01
489,Port Lincoln,AU,2022-04-09 17:43:39,-34.7333,135.8667,69.08,47,54,8.3
490,Gorontalo,ID,2022-04-09 17:43:40,0.5412,123.0595,76.48,88,99,1.19
491,Thinadhoo,MV,2022-04-09 17:43:40,0.5333,72.9333,84.15,66,21,9.35
492,Stykkisholmur,IS,2022-04-09 17:43:40,65.0757,-22.7297,33.4,92,100,13.62
493,Ugoofaaru,MV,2022-04-09 17:43:41,5.6667,73.0,84.07,73,100,9.22
494,Pierre,US,2022-04-09 17:39:55,44.3683,-100.351,60.85,19,0,19.57
495,Pangkalanbuun,ID,2022-04-09 17:43:41,-2.6833,111.6167,73.58,98,100,2.44
496,Hobyo,SO,2022-04-09 17:43:42,5.3505,48.5268,82.38,77,38,14.81
497,Shizuishan,CN,2022-04-09 17:43:42,39.2333,106.7694,67.71,11,74,7.16
498,Ixtapa,MX,2022-04-09 17:43:42,20.7,-105.2,91.02,39,0,8.12
499,Kabansk,RU,2022-04-09 17:43:43,52.0486,106.6528,29.14,95,93,6.26
500,Wanlaweyn,SO,2022-04-09 17:43:44,2.6185,44.8938,82.09,66,72,16.78
501,Hamilton,US,2022-04-09 17:41:14,39.1834,-84.5333,40.39,73,100,14.97
502,Anna Paulowna,NL,2022-04-09 17:43:44,52.862,4.834,44.6,80,75,20.0
503,Changtu,CN,2022-04-09 17:43:44,42.7788,124.0955,57.52,69,61,9.35
504,Riviere-Au-Renard,CA,2022-04-09 17:43:45,48.9957,-64.3971,41.29,99,84,7.05
505,High Level,CA,2022-04-09 17:43:45,58.5169,-117.136,33.91,86,100,14.97
506,Yeppoon,AU,2022-04-09 17:43:46,-23.1333,150.7333,73.18,87,85,16.69
507,Nalut,LY,2022-04-09 17:43:46,30.3333,10.85,77.2,19,0,10.47
508,Martil,MA,2022-04-09 17:44:47,35.6166,-5.2752,73.36,56,0,5.75
509,Namibe,AO,2022-04-09 17:44:47,-15.1961,12.1522,72.07,77,17,7.11
510,Tommot,RU,2022-04-09 17:44:50,58.9564,126.2925,-1.5,99,26,1.25
511,Vangaindrano,MG,2022-04-09 17:44:50,-23.35,47.6,73.6,89,21,4.32
512,Carballo,ES,2022-04-09 17:44:51,43.213,-8.691,65.62,71,85,1.72
513,San Joaquin,US,2022-04-09 17:44:51,37.9333,-121.3011,69.93,22,0,28.77
514,Sao Miguel Do Tapuio,BR,2022-04-09 17:44:51,-5.5036,-41.3233,79.59,73,77,7.72
515,Noumea,NC,2022-04-09 17:44:52,-22.2763,166.4572,80.01,99,70,13.04
516,Qeshm,IR,2022-04-09 17:44:52,26.9581,56.2719,80.47,63,81,15.08
517,Varhaug,NO,2022-04-09 17:44:52,58.6147,5.6457,40.55,77,48,31.63
518,Moerai,PF,2022-04-09 17:44:53,-22.4333,-151.3333,81.27,75,44,17.74
519,Pervomayskoye,RU,2022-04-09 17:44:53,43.919,46.7102,54.52,76,47,5.44
520,Brae,GB,2022-04-09 17:44:53,60.3964,-1.353,37.99,60,99,23.96
521,Bastia,FR,2022-04-09 17:44:54,42.6667,9.3333,60.13,35,0,18.41
522,Babstovo,RU,2022-04-09 17:44:54,48.1167,132.4833,31.01,92,71,6.11
523,Aklavik,CA,2022-04-09 17:44:54,68.2191,-135.0107,5.0,66,75,12.66
524,Baoning,CN,2022-04-09 17:44:55,25.3378,110.026,66.06,77,20,2.24
525,Balkhash,KZ,2022-04-09 17:44:55,46.844,74.9804,48.56,51,100,13.06
526,Ukiah,US,2022-04-09 17:40:19,39.1502,-123.2078,65.44,38,0,10.36
527,Bambanglipuro,ID,2022-04-09 17:44:55,-7.95,110.2833,76.17,88,100,2.86
528,Patacamaya,BO,2022-04-09 17:44:56,-17.2333,-67.9167,58.44,48,95,7.74
529,Belle Fourche,US,2022-04-09 17:44:56,44.6714,-103.8522,56.32,38,42,22.53
530,Chute-Aux-Outardes,CA,2022-04-09 17:44:57,49.1168,-68.399,35.58,93,100,8.05
531,Idil,TR,2022-04-09 17:44:57,37.3411,41.8895,56.12,52,0,8.37
532,Kailua,US,2022-04-09 17:44:57,21.4022,-157.7394,75.49,80,75,13.8
533,Zhuhai,CN,2022-04-09 17:44:58,22.2769,113.5678,71.85,88,40,2.3
534,Taltal,CL,2022-04-09 17:44:58,-25.4,-70.4833,67.05,65,37,8.19
535,Mercedes,AR,2022-04-09 17:44:59,-34.6515,-59.4307,81.64,30,0,7.83
536,Strezhevoy,RU,2022-04-09 17:44:59,60.7333,77.5889,1.74,98,64,4.47
537,Goundam,ML,2022-04-09 17:44:59,16.4145,-3.6708,101.48,7,12,12.19
538,Maumere,ID,2022-04-09 17:45:00,-8.6199,122.2111,79.38,76,98,4.23
539,Tura,IN,2022-04-09 17:45:00,25.5198,90.2201,71.83,80,1,4.09
540,Imbituba,BR,2022-04-09 17:45:00,-28.24,-48.6703,75.33,76,49,6.91
541,Igrim,RU,2022-04-09 17:45:01,63.1906,64.4162,28.98,93,100,7.07
542,Matara,LK,2022-04-09 17:45:01,5.9485,80.5353,77.7,87,52,8.01
543,Sanming,CN,2022-04-09 17:45:01,26.2486,117.6186,60.94,63,0,2.8
544,Yulara,AU,2022-04-09 17:45:02,-25.2406,130.9889,57.04,35,0,3.44
545,Peace River,CA,2022-04-09 17:42:46,56.2501,-117.286,37.71,75,100,19.57
546,Yatou,CN,2022-04-09 17:45:03,37.15,122.3833,52.75,76,5,13.29
547,Meulaboh,ID,2022-04-09 17:45:03,4.1363,96.1285,78.33,86,95,2.01
548,Xiaoweizhai,CN,2022-04-09 17:45:04,26.1903,107.5125,59.54,96,100,3.24
549,Energeticheskiy,KZ,2022-04-09 17:45:04,43.4278,77.0222,52.36,76,100,4.47
550,Valparaiso,CL,2022-04-09 17:45:05,-33.0393,-71.6273,65.84,71,0,9.22
551,Bilibino,RU,2022-04-09 17:45:05,68.0546,166.4372,-13.94,99,100,2.95
552,Marathon,US,2022-04-09 17:45:05,44.9,-89.7668,44.35,46,0,11.5
553,Tahe,CN,2022-04-09 17:46:06,52.3333,124.7333,28.83,90,99,3.33
554,Turka,UA,2022-04-09 17:46:07,49.1541,23.0297,35.8,99,100,2.75
555,Panguna,PG,2022-04-09 17:46:08,-6.3164,155.4848,66.92,92,81,1.7
556,Katangli,RU,2022-04-09 17:46:08,51.7102,143.2326,15.26,99,92,5.91
557,Praia Da Vitoria,PT,2022-04-09 17:44:23,38.7333,-27.0667,58.75,82,20,24.23
558,Mount Pleasant,US,2022-04-09 17:46:09,32.7941,-79.8626,57.99,39,100,14.97
559,Ndele,CF,2022-04-09 17:46:10,8.4109,20.6473,85.37,35,84,1.92
560,Ilhabela,BR,2022-04-09 17:46:10,-23.7781,-45.3581,77.7,84,85,2.01
