City_ID,City,Country,Date,Lat,Lng,Max Temp,Humidity,Cloudiness,Wind Speed,Current Description
0,Ushuaia,AR,2022-04-17 10:00:55,-54.8,-68.3,40.91,97,100,10.76,overcast clouds
1,Jamestown,US,2022-04-17 10:05:33,42.097,-79.2353,30.52,76,100,13.8,light snow
2,Rikitea,PF,2022-04-17 10:05:33,-23.1203,-134.9692,78.06,68,7,12.57,clear sky
3,Cabo San Lucas,MX,2022-04-17 10:04:32,22.8909,-109.9124,75.51,28,97,12.57,overcast clouds
4,Avarua,CK,2022-04-17 10:05:35,-21.2078,-159.775,75.25,94,90,4.61,overcast clouds
5,Camabatela,AO,2022-04-17 10:05:35,-8.1881,15.375,77.88,61,60,4.23,broken clouds
6,Padang,ID,2022-04-17 10:05:35,-0.9492,100.3543,86.05,81,80,2.53,broken clouds
7,Albany,US,2022-04-17 10:05:36,42.6001,-73.9662,34.39,71,27,5.99,scattered clouds
8,Bredasdorp,ZA,2022-04-17 10:05:36,-34.5322,20.0403,69.12,45,4,10.2,clear sky
9,Aklavik,CA,2022-04-17 10:05:36,68.2191,-135.0107,-1.23,83,32,12.44,scattered clouds
10,Prata,BR,2022-04-17 10:05:36,-19.3072,-48.9242,57.69,79,0,4.43,clear sky
11,Hithadhoo,MV,2022-04-17 10:04:34,-0.6,73.0833,83.62,69,100,5.12,overcast clouds
12,Bengkulu,ID,2022-04-17 10:05:37,-3.8004,102.2655,82.65,82,72,4.43,broken clouds
13,Hermanus,ZA,2022-04-17 10:05:37,-34.4187,19.2345,70.81,52,23,8.41,few clouds
14,Kaeo,NZ,2022-04-17 10:05:38,-35.1,173.7833,63.32,96,100,21.39,moderate rain
15,Butaritari,KI,2022-04-17 10:05:38,3.0707,172.7902,82.0,76,67,14.05,broken clouds
16,Hobart,AU,2022-04-17 10:05:38,-42.8794,147.3294,65.23,77,75,14.97,broken clouds
17,Bethel,US,2022-04-17 10:05:39,41.3712,-73.414,39.94,93,40,3.44,scattered clouds
18,Port Blair,IN,2022-04-17 10:05:39,11.6667,92.75,86.7,60,6,6.02,clear sky
19,Ribeira Grande,PT,2022-04-17 10:05:39,38.5167,-28.7,61.2,72,20,10.36,few clouds
20,Porto Velho,BR,2022-04-17 10:05:39,-8.7619,-63.9039,73.45,94,40,2.3,scattered clouds
21,Punta Arenas,CL,2022-04-17 10:01:49,-53.15,-70.9167,46.11,93,100,8.12,overcast clouds
22,Chakrata,IN,2022-04-17 10:05:40,30.7,77.85,77.02,17,76,8.48,broken clouds
23,Mocuba,MZ,2022-04-17 10:05:40,-16.8392,36.9856,83.39,66,54,6.67,broken clouds
24,Hilo,US,2022-04-17 10:00:54,19.7297,-155.09,73.27,81,100,8.01,overcast clouds
25,Lockport,US,2022-04-17 10:05:41,41.5895,-88.0578,30.99,89,0,0.0,clear sky
26,Acapulco,MX,2022-04-17 10:02:38,16.8634,-99.8901,75.7,67,18,4.99,few clouds
27,Faya,SA,2022-04-17 10:05:41,18.3851,42.4509,81.12,23,12,14.65,few clouds
28,Bambanglipuro,ID,2022-04-17 10:05:41,-7.95,110.2833,82.44,82,66,8.01,broken clouds
29,Singaraja,ID,2022-04-17 10:05:42,-8.112,115.0882,83.32,79,93,2.66,moderate rain
30,Rabo De Peixe,PT,2022-04-17 10:05:42,37.8,-25.5833,62.11,77,20,14.97,few clouds
31,Busselton,AU,2022-04-17 10:05:42,-33.65,115.3333,59.92,59,1,12.35,clear sky
32,Cape Town,ZA,2022-04-17 10:02:36,-33.9258,18.4232,78.12,44,6,7.0,clear sky
33,Narsaq,GL,2022-04-17 10:05:43,60.9167,-46.05,32.22,82,100,0.94,overcast clouds
34,Vaini,TO,2022-04-17 10:05:43,-21.2,-175.2,75.36,94,40,4.61,scattered clouds
35,Karangampel,ID,2022-04-17 10:05:44,-6.4622,108.4519,84.61,73,39,7.34,scattered clouds
36,Qaanaaq,GL,2022-04-17 10:05:44,77.484,-69.3632,-19.32,67,0,8.01,clear sky
37,Galich,RU,2022-04-17 10:05:44,58.3797,42.3475,42.13,44,11,8.48,few clouds
38,Tual,ID,2022-04-17 10:05:45,-5.6667,132.75,84.81,69,100,5.57,overcast clouds
39,Boa Vista,BR,2022-04-17 10:05:10,2.8197,-60.6733,75.18,83,0,4.61,clear sky
40,Chuy,UY,2022-04-17 10:05:45,-33.6971,-53.4616,59.5,85,49,4.97,scattered clouds
41,Sola,VU,2022-04-17 10:05:45,-13.8833,167.55,82.33,73,74,8.88,broken clouds
42,Tahoua,NE,2022-04-17 10:05:46,14.8888,5.2692,93.63,7,92,9.57,overcast clouds
43,Morondava,MG,2022-04-17 10:05:47,-20.2833,44.2833,86.54,70,7,7.36,light rain
44,Pacific Grove,US,2022-04-17 10:05:47,36.6177,-121.9166,47.66,90,1,1.99,clear sky
45,Nanortalik,GL,2022-04-17 10:05:48,60.1432,-45.2371,29.61,86,100,6.15,overcast clouds
46,Mataura,NZ,2022-04-17 10:05:48,-46.1927,168.8643,44.47,96,74,2.68,broken clouds
47,Moranbah,AU,2022-04-17 10:06:48,-22.0016,148.0466,70.39,55,0,10.67,clear sky
48,Dorchester,US,2022-04-17 10:06:49,33.1002,-80.3831,67.06,99,0,0.0,clear sky
49,Kahului,US,2022-04-17 10:06:49,20.8947,-156.47,75.85,74,0,8.99,clear sky
50,Puerto Escondido,MX,2022-04-17 10:06:50,15.85,-97.0667,79.45,67,28,5.3,scattered clouds
51,Port Alfred,ZA,2022-04-17 10:06:50,-33.5906,26.891,71.19,69,95,3.0,overcast clouds
52,Port Elizabeth,ZA,2022-04-17 10:06:51,-33.918,25.5701,69.1,73,97,4.0,overcast clouds
53,Arraial Do Cabo,BR,2022-04-17 10:06:52,-22.9661,-42.0278,69.66,83,75,9.22,broken clouds
54,Fortuna,US,2022-04-17 10:06:52,40.5982,-124.1573,40.66,94,0,8.05,clear sky
55,Saint-Augustin,CA,2022-04-17 10:06:52,51.226,-58.6502,30.04,95,100,2.64,overcast clouds
56,East London,ZA,2022-04-17 10:06:53,-33.0153,27.9116,72.54,64,0,10.36,clear sky
57,Husavik,IS,2022-04-17 10:06:53,66.0449,-17.3389,43.7,86,78,9.73,broken clouds
58,Norman Wells,CA,2022-04-17 10:05:20,65.282,-126.8329,-6.79,100,78,1.54,broken clouds
59,Katobu,ID,2022-04-17 10:06:53,-4.9408,122.5276,77.76,89,93,1.77,overcast clouds
60,Yellowknife,CA,2022-04-17 10:06:54,62.456,-114.3525,-12.66,98,74,5.03,broken clouds
61,Vestmannaeyjar,IS,2022-04-17 10:06:54,63.4427,-20.2734,44.4,79,100,10.87,light rain
62,Castro,BR,2022-04-17 10:06:54,-24.7911,-50.0119,51.69,92,77,7.76,broken clouds
63,Sandwick,GB,2022-04-17 10:06:55,60.0,-1.25,48.02,93,75,10.36,mist
64,Kamina,CD,2022-04-17 10:06:55,-8.7386,24.9906,77.97,66,72,5.75,light rain
65,Bilma,NE,2022-04-17 10:06:55,18.6853,12.9164,93.51,6,34,11.41,scattered clouds
66,Nikolskoye,RU,2022-04-17 10:06:56,59.7035,30.7861,47.88,48,76,4.09,broken clouds
67,Mahebourg,MU,2022-04-17 10:06:56,-20.4081,57.7,81.25,80,42,15.41,light rain
68,Daru,PG,2022-04-17 10:06:56,-9.0763,143.2092,80.47,85,97,8.88,overcast clouds
69,Luchegorsk,RU,2022-04-17 10:06:56,46.4764,134.2569,43.3,45,64,6.96,broken clouds
70,Ustka,PL,2022-04-17 10:06:43,54.5805,16.8619,48.09,54,77,6.98,broken clouds
71,Arawa,PG,2022-04-17 10:06:57,-6.2132,155.5367,77.83,90,100,1.28,overcast clouds
72,Barrow,US,2022-04-17 10:06:57,71.2906,-156.7887,-0.38,78,0,14.97,clear sky
73,Almaznyy,RU,2022-04-17 10:06:57,48.0448,40.045,61.75,49,96,8.72,overcast clouds
74,Nouadhibou,MR,2022-04-17 10:06:58,20.931,-17.0347,64.56,91,17,8.75,few clouds
75,Kapaa,US,2022-04-17 10:06:58,22.0752,-159.319,71.58,99,44,12.08,scattered clouds
76,Miguel Alves,BR,2022-04-17 10:06:59,-4.1656,-42.8953,74.59,97,85,0.76,overcast clouds
77,Clyde River,CA,2022-04-17 10:06:59,70.4692,-68.5914,-18.17,76,75,5.75,broken clouds
78,Puerto Ayora,EC,2022-04-17 10:06:59,-0.7393,-90.3518,74.34,93,71,6.2,broken clouds
79,Provideniya,RU,2022-04-17 10:07:00,64.3833,-173.3,30.38,96,100,13.47,light snow
80,Vranestica,MK,2022-04-17 10:07:00,41.4453,21.0267,50.41,94,100,5.46,overcast clouds
81,Hearst,CA,2022-04-17 10:07:00,49.6835,-83.6665,14.14,97,99,5.14,overcast clouds
82,Arman,RU,2022-04-17 10:07:01,59.7,150.1667,23.58,82,100,4.18,overcast clouds
83,Eseka,CM,2022-04-17 10:07:01,3.65,10.7667,89.71,56,74,2.13,broken clouds
84,Hambantota,LK,2022-04-17 10:04:05,6.1241,81.1185,88.14,79,90,9.22,overcast clouds
85,Mount Isa,AU,2022-04-17 10:07:02,-20.7333,139.5,83.97,23,0,6.91,clear sky
86,Isangel,VU,2022-04-17 10:07:02,-19.55,169.2667,80.49,81,100,2.42,overcast clouds
87,San Carlos De Bariloche,AR,2022-04-17 10:07:02,-41.1456,-71.3082,47.95,66,40,6.91,scattered clouds
88,Tuatapere,NZ,2022-04-17 10:07:03,-46.1333,167.6833,45.07,86,18,3.49,few clouds
89,Miramar,US,2022-04-17 10:07:03,25.9873,-80.2323,77.02,82,0,9.22,clear sky
90,Sayyan,YE,2022-04-17 10:07:04,15.1718,44.3244,75.67,15,38,3.74,scattered clouds
91,Bluff,NZ,2022-04-17 10:08:04,-46.6,168.3333,44.8,73,55,5.28,broken clouds
92,Bambous Virieux,MU,2022-04-17 10:08:04,-20.3428,57.7575,81.21,80,42,15.14,light rain
93,Palana,RU,2022-04-17 10:08:05,59.1167,159.9667,15.98,95,85,5.35,overcast clouds
94,Lazaro Cardenas,MX,2022-04-17 10:08:06,17.9583,-102.2,71.51,87,92,3.98,overcast clouds
95,Seoul,KR,2022-04-17 10:08:06,37.5683,126.9778,65.59,28,27,7.34,scattered clouds
96,Bilibino,RU,2022-04-17 10:08:07,68.0546,166.4372,16.34,96,100,4.18,overcast clouds
97,Gusau,NG,2022-04-17 10:08:07,12.1628,6.6614,93.15,28,60,8.61,broken clouds
98,Mehamn,NO,2022-04-17 10:08:08,71.0357,27.8492,37.71,92,100,18.41,overcast clouds
99,Sitka,US,2022-04-17 10:08:08,57.0531,-135.33,37.29,65,100,4.61,overcast clouds
100,Miquelon,PM,2022-04-17 10:08:08,47.0975,-56.3814,37.4,85,100,17.9,overcast clouds
101,Nokaneng,BW,2022-04-17 10:08:09,-19.6667,22.2667,79.93,55,66,11.45,broken clouds
102,Kloulklubed,PW,2022-04-17 10:08:09,7.0419,134.2556,83.71,69,87,4.72,overcast clouds
103,Igarka,RU,2022-04-17 10:08:09,67.4667,86.5833,19.15,89,100,17.76,overcast clouds
104,New Norfolk,AU,2022-04-17 10:08:10,-42.7826,147.0587,64.89,66,100,1.99,overcast clouds
105,Jacareacanga,BR,2022-04-17 10:08:10,-6.2222,-57.7528,72.37,99,100,0.4,moderate rain
106,Torbay,CA,2022-04-17 10:03:18,47.6666,-52.7314,43.57,70,100,5.01,overcast clouds
107,Sorland,NO,2022-04-17 10:08:11,67.667,12.6934,41.79,93,95,21.61,light rain
108,Batsfjord,NO,2022-04-17 10:08:11,70.6345,29.7185,37.18,87,100,13.8,overcast clouds
109,Aswan,EG,2022-04-17 10:08:11,24.0934,32.907,103.33,7,96,7.29,overcast clouds
110,Skibbereen,IE,2022-04-17 10:08:12,51.55,-9.2667,53.11,86,100,11.9,light rain
111,Jalu,LY,2022-04-17 10:08:12,29.0331,21.5482,80.73,31,94,16.33,overcast clouds
112,Tanout,NE,2022-04-17 10:08:12,14.9709,8.8879,93.11,7,26,13.47,scattered clouds
113,Sioux Lookout,CA,2022-04-17 10:08:13,50.1001,-91.917,-2.61,100,93,3.06,overcast clouds
114,Alice Springs,AU,2022-04-17 10:04:24,-23.7,133.8833,85.55,23,41,5.75,scattered clouds
115,Launceston,AU,2022-04-17 10:08:13,-41.45,147.1667,64.04,83,100,13.8,light intensity shower rain
116,Tasiilaq,GL,2022-04-17 10:08:14,65.6145,-37.6368,33.96,99,100,2.06,light snow
117,Petropavlovsk-Kamchatskiy,RU,2022-04-17 10:08:14,53.0452,158.6483,30.78,63,100,1.81,overcast clouds
118,Esperance,AU,2022-04-17 10:08:14,-33.8667,121.9,61.03,65,95,12.75,overcast clouds
119,Hamilton,US,2022-04-17 10:05:30,39.1834,-84.5333,36.99,70,0,8.05,clear sky
120,Schwerin,DE,2022-04-17 10:04:07,53.6294,11.4132,54.14,46,86,4.0,overcast clouds
121,Poum,NC,2022-04-17 10:08:15,-20.2333,164.0167,78.94,62,7,8.21,clear sky
122,Hudson Bay,CA,2022-04-17 10:08:15,52.85,-102.3842,12.27,98,100,0.49,overcast clouds
123,Outlook,CA,2022-04-17 10:08:16,51.5001,-107.0513,24.08,77,100,2.73,overcast clouds
124,Ancud,CL,2022-04-17 10:08:16,-41.8697,-73.8203,48.24,86,59,1.48,broken clouds
125,Faanui,PF,2022-04-17 10:08:16,-16.4833,-151.75,81.25,73,12,12.88,light rain
126,Hami,CN,2022-04-17 10:08:16,42.8,93.45,67.17,10,0,4.18,clear sky
127,Katsuura,JP,2022-04-17 10:08:17,35.1333,140.3,58.5,66,100,8.9,overcast clouds
128,Erenhot,CN,2022-04-17 10:08:17,43.6475,111.9767,55.99,19,92,14.65,overcast clouds
129,Yulara,AU,2022-04-17 10:08:17,-25.2406,130.9889,80.44,28,1,5.75,clear sky
130,Carman,CA,2022-04-17 10:08:18,49.4992,-98.0016,10.89,95,100,5.1,overcast clouds
131,Karratha,AU,2022-04-17 10:08:18,-20.7377,116.8463,89.19,36,70,6.64,broken clouds
132,Phayakkhaphum Phisai,TH,2022-04-17 10:04:31,15.5163,103.1937,94.41,43,97,9.24,overcast clouds
133,Georgetown,MY,2022-04-17 10:08:18,5.4112,100.3354,91.33,62,20,3.44,few clouds
134,Ponta Do Sol,PT,2022-04-17 10:08:19,32.6667,-17.1,75.13,39,100,10.4,overcast clouds
135,Vytegra,RU,2022-04-17 10:09:19,61.0064,36.4481,39.04,70,88,6.22,overcast clouds
136,Balaguer,ES,2022-04-17 10:09:20,41.7912,0.8109,77.16,67,1,6.15,clear sky
137,New Waterford,US,2022-04-17 10:09:20,40.8451,-80.6145,34.57,79,93,8.3,overcast clouds
138,Pisco,PE,2022-04-17 10:09:21,-13.7,-76.2167,61.02,90,100,2.06,overcast clouds
139,Arantangi,IN,2022-04-17 10:09:21,10.1667,78.9833,92.8,54,81,20.11,broken clouds
140,Tuktoyaktuk,CA,2022-04-17 10:09:22,69.4541,-133.0374,-3.05,95,82,8.03,broken clouds
141,Paamiut,GL,2022-04-17 10:09:22,61.994,-49.6678,23.83,87,100,5.08,overcast clouds
142,Terrace,CA,2022-04-17 10:09:22,54.5163,-128.6035,32.97,82,59,0.72,broken clouds
143,Mayumba,GA,2022-04-17 10:09:23,-3.432,10.6554,82.53,77,66,8.1,broken clouds
144,Ulaangom,MN,2022-04-17 10:09:23,49.9811,92.0667,54.18,23,3,6.58,clear sky
145,Cherskiy,RU,2022-04-17 10:09:23,68.75,161.3,3.4,97,96,6.73,overcast clouds
146,Sao Joao Da Barra,BR,2022-04-17 10:09:23,-21.6403,-41.0511,66.29,84,0,8.37,clear sky
147,Asau,RO,2022-04-17 10:09:24,46.4333,26.4,42.28,62,100,10.98,overcast clouds
148,Fushun,CN,2022-04-17 10:09:24,41.8558,123.9233,67.71,21,84,12.77,broken clouds
149,Ilulissat,GL,2022-04-17 10:09:24,69.2167,-51.1,-6.63,88,4,2.82,clear sky
150,Brae,GB,2022-04-17 10:09:25,60.3964,-1.353,48.69,89,100,11.95,overcast clouds
151,Vostok,RU,2022-04-17 10:09:25,46.4856,135.8833,28.0,80,45,2.04,light snow
152,Thompson,CA,2022-04-17 10:07:41,55.7435,-97.8558,13.51,96,100,3.85,overcast clouds
153,San Cristobal,VE,2022-04-17 10:09:26,7.7669,-72.225,66.7,88,100,1.34,overcast clouds
154,Liverpool,GB,2022-04-17 10:08:09,53.4106,-2.9779,62.89,64,0,12.66,clear sky
155,Tolaga Bay,NZ,2022-04-17 10:09:26,-38.3667,178.3,59.36,73,100,7.07,overcast clouds
156,Bani,DO,2022-04-17 10:09:27,18.2833,-70.3333,71.35,78,51,6.11,broken clouds
157,Kaitangata,NZ,2022-04-17 10:09:27,-46.2817,169.8464,46.89,94,97,5.75,overcast clouds
158,Hasaki,JP,2022-04-17 10:09:27,35.7333,140.8333,57.29,66,100,9.06,overcast clouds
159,Zharkent,KZ,2022-04-17 10:09:27,44.1628,80.0,80.42,8,3,4.5,clear sky
160,Palmer,US,2022-04-17 10:09:28,42.1584,-72.3287,38.44,77,0,12.66,clear sky
161,Nizwa,OM,2022-04-17 10:08:19,22.9333,57.5333,101.79,9,47,15.41,scattered clouds
162,Kavieng,PG,2022-04-17 10:09:28,-2.5744,150.7967,83.39,72,90,14.14,overcast clouds
163,Vardo,NO,2022-04-17 10:09:29,70.3705,31.1107,38.03,85,99,21.23,overcast clouds
164,San Rafael Del Sur,NI,2022-04-17 10:09:29,11.8485,-86.4384,76.55,61,87,10.65,overcast clouds
165,Qaqortoq,GL,2022-04-17 10:09:29,60.7167,-46.0333,28.96,84,100,2.89,overcast clouds
166,Palu,ID,2022-04-17 10:09:30,-0.8917,119.8707,78.84,92,99,1.77,overcast clouds
167,Moron,AR,2022-04-17 10:09:30,-34.6534,-58.6198,64.96,87,95,1.77,overcast clouds
168,Keningau,MY,2022-04-17 10:09:30,5.3378,116.1602,76.69,90,56,2.26,broken clouds
169,Saint Anthony,US,2022-04-17 10:09:30,45.0205,-93.218,28.26,72,0,0.0,clear sky
170,Sarlat-La-Caneda,FR,2022-04-17 10:09:31,44.889,1.2166,65.39,51,0,0.74,clear sky
171,Kyra,RU,2022-04-17 10:09:31,49.5776,111.9753,51.37,38,100,12.93,overcast clouds
172,Tessalit,ML,2022-04-17 10:09:31,20.1986,1.0114,78.31,19,96,13.35,overcast clouds
173,Geraldton,AU,2022-04-17 10:09:32,-28.7667,114.6,70.21,60,64,18.41,broken clouds
174,Airai,TL,2022-04-17 10:09:32,-8.9266,125.4092,62.56,97,100,2.44,light rain
175,Chokurdakh,RU,2022-04-17 10:09:32,70.6333,147.9167,-3.93,98,17,5.64,few clouds
176,Lompoc,US,2022-04-17 10:09:33,34.6391,-120.4579,53.78,87,100,25.01,mist
177,Kununurra,AU,2022-04-17 10:09:33,-15.7667,128.7333,89.58,55,67,5.75,broken clouds
178,Ambilobe,MG,2022-04-17 10:09:33,-13.2,49.05,91.08,43,1,1.28,clear sky
179,Beloha,MG,2022-04-17 10:09:31,-25.1667,45.05,89.08,46,38,10.36,scattered clouds
180,Kirakira,SB,2022-04-17 10:10:34,-10.4544,161.9205,80.15,81,100,4.38,overcast clouds
181,Awassa,ET,2022-04-17 10:10:35,7.05,38.4667,79.38,42,98,4.23,overcast clouds
182,Poltavka,RU,2022-04-17 10:10:35,54.3663,71.7632,59.86,34,7,8.21,clear sky
183,Mogadishu,SO,2022-04-17 10:10:36,2.0371,45.3438,87.17,66,55,15.73,broken clouds
184,Kars,TR,2022-04-17 10:06:37,40.602,43.095,55.85,33,0,5.75,clear sky
185,Abu Kamal,SY,2022-04-17 10:10:37,34.4506,40.9171,80.69,14,1,4.83,clear sky
186,Miri,MY,2022-04-17 10:07:20,4.4148,114.0089,82.53,75,95,7.47,overcast clouds
187,Mayo,US,2022-04-17 10:10:38,38.8876,-76.5119,51.75,62,100,8.05,overcast clouds
188,Upernavik,GL,2022-04-17 10:10:38,72.7868,-56.1549,-19.16,98,91,9.89,overcast clouds
189,Simao,CN,2022-04-17 10:10:38,22.7886,100.9748,81.7,34,63,4.29,light rain
190,Darnah,LY,2022-04-17 10:10:39,32.767,22.6367,72.57,52,27,25.34,scattered clouds
191,Vila Do Maio,CV,2022-04-17 10:10:39,15.1333,-23.2167,69.94,80,71,15.28,broken clouds
192,Ampanihy,MG,2022-04-17 10:10:39,-24.7,44.75,92.37,35,9,5.26,clear sky
193,Shitanjing,CN,2022-04-17 10:10:40,39.2342,106.3439,46.74,45,76,32.03,broken clouds
194,Yichun,CN,2022-04-17 10:10:40,47.7,128.9,37.13,47,64,3.04,broken clouds
195,Severnyy,RU,2022-04-17 10:10:40,50.677,36.5532,44.64,87,100,6.71,overcast clouds
196,Dongli,CN,2022-04-17 10:10:41,23.5656,116.8194,68.94,64,95,13.24,overcast clouds
197,Atuona,PF,2022-04-17 10:10:41,-9.8,-139.0333,79.21,76,58,16.96,broken clouds
198,Zhangye,CN,2022-04-17 10:10:41,38.9342,100.4517,54.54,21,17,15.08,few clouds
199,Buerarema,BR,2022-04-17 10:10:42,-14.9594,-39.2997,71.22,98,100,4.0,moderate rain
200,Mont-Dore,NC,2022-04-17 10:10:42,-22.2833,166.5833,79.0,99,33,4.59,scattered clouds
201,Athabasca,CA,2022-04-17 10:10:42,54.7169,-113.2854,25.74,83,100,3.15,overcast clouds
202,Luderitz,NA,2022-04-17 10:10:43,-26.6481,15.1594,77.67,47,0,9.22,clear sky
203,Dikson,RU,2022-04-17 10:10:43,73.5069,80.5464,11.32,88,100,16.37,overcast clouds
204,Verkhnevilyuysk,RU,2022-04-17 10:10:43,63.4453,120.3167,32.9,76,100,12.55,overcast clouds
205,Ostrovnoy,RU,2022-04-17 10:10:43,68.0531,39.5131,34.63,99,100,26.4,light snow
206,Ocala,US,2022-04-17 10:09:32,29.1872,-82.1401,70.0,96,0,0.0,clear sky
207,Vilyuysk,RU,2022-04-17 10:10:44,63.7553,121.6247,32.07,78,100,12.8,overcast clouds
208,Labuhan,ID,2022-04-17 10:10:44,-6.8844,112.2051,84.07,76,74,7.14,broken clouds
209,Saint George,US,2022-04-17 10:10:45,37.1041,-113.5841,55.63,41,0,1.01,clear sky
210,Inuvik,CA,2022-04-17 10:10:45,68.3499,-133.7218,-4.58,90,59,8.39,broken clouds
211,Vila Franca Do Campo,PT,2022-04-17 10:10:45,37.7167,-25.4333,63.01,79,78,10.31,broken clouds
212,Hwange,ZW,2022-04-17 10:10:46,-18.3693,26.5019,71.74,81,100,6.69,light rain
213,Krasnyy Yar,RU,2022-04-17 10:10:46,46.5331,48.3456,67.96,33,24,7.63,few clouds
214,Grand Gaube,MU,2022-04-17 10:10:46,-20.0064,57.6608,81.37,83,27,8.99,scattered clouds
215,Caravelas,BR,2022-04-17 10:10:47,-17.7125,-39.2481,75.87,74,100,10.92,overcast clouds
216,Mar Del Plata,AR,2022-04-17 10:06:04,-38.0023,-57.5575,55.87,91,100,5.01,overcast clouds
217,Port-Gentil,GA,2022-04-17 10:06:53,-0.7193,8.7815,85.96,74,40,8.05,scattered clouds
218,Kavaratti,IN,2022-04-17 10:10:47,10.5669,72.642,84.76,71,73,5.93,broken clouds
219,Okhotsk,RU,2022-04-17 10:10:47,59.3833,143.3,22.48,85,97,5.61,overcast clouds
220,Talnakh,RU,2022-04-17 10:10:48,69.4865,88.3972,16.21,92,97,13.13,overcast clouds
221,Coihaique,CL,2022-04-17 10:10:48,-45.5752,-72.0662,31.95,100,0,4.61,clear sky
222,Ratnagiri,IN,2022-04-17 10:10:49,16.9833,73.3,87.33,55,0,13.04,clear sky
223,Maceio,BR,2022-04-17 10:10:49,-9.6658,-35.7353,78.24,94,20,4.61,few clouds
224,Heihe,CN,2022-04-17 10:10:49,50.2441,127.4902,46.98,31,89,6.33,overcast clouds
225,Tocopilla,CL,2022-04-17 10:10:50,-22.092,-70.1979,61.48,68,9,8.19,clear sky
226,Port Hueneme,US,2022-04-17 10:11:50,34.1478,-119.1951,57.96,89,100,5.75,overcast clouds
227,Bathsheba,BB,2022-04-17 10:11:50,13.2167,-59.5167,79.41,73,40,16.11,scattered clouds
228,Bose,IT,2022-04-17 10:11:51,45.4612,8.0137,60.73,68,100,2.06,overcast clouds
229,Kongolo,CD,2022-04-17 10:11:51,-5.3833,27.0,76.37,85,100,3.42,light rain
230,Omboue,GA,2022-04-17 10:11:52,-1.5746,9.2618,85.59,66,99,6.44,light rain
231,Peniche,PT,2022-04-17 10:11:53,39.3558,-9.3811,63.28,86,100,19.08,overcast clouds
232,North Bend,US,2022-04-17 10:11:53,43.4065,-124.2243,39.92,96,100,5.75,overcast clouds
233,Alanya,TR,2022-04-17 10:11:53,36.5438,31.9998,69.93,53,99,12.35,overcast clouds
234,Vila,PT,2022-04-17 10:11:54,42.0304,-8.1588,58.69,75,100,3.96,overcast clouds
235,Salalah,OM,2022-04-17 10:11:54,17.0151,54.0924,87.89,70,20,16.11,few clouds
236,Maralal,KE,2022-04-17 10:11:54,1.0968,36.698,70.23,56,100,3.53,light rain
237,Arlit,NE,2022-04-17 10:11:55,18.7369,7.3853,83.84,12,100,7.92,overcast clouds
238,Mecca,SA,2022-04-17 10:11:55,21.4267,39.8261,104.0,10,0,7.76,clear sky
239,Nerja,ES,2022-04-17 10:11:55,36.7585,-3.8873,80.49,50,8,3.0,clear sky
240,Christchurch,NZ,2022-04-17 10:08:18,-43.5333,172.6333,55.94,82,100,11.5,overcast clouds
241,Diamantino,BR,2022-04-17 10:11:56,-14.4086,-56.4461,68.11,95,13,3.27,few clouds
242,Rock Springs,US,2022-04-17 10:10:39,41.5875,-109.2029,40.05,79,100,16.11,overcast clouds
243,Moerai,PF,2022-04-17 10:11:56,-22.4333,-151.3333,79.56,66,25,3.22,scattered clouds
244,Port Hedland,AU,2022-04-17 10:11:57,-20.3167,118.5667,89.65,48,18,11.5,few clouds
245,Cleethorpes,GB,2022-04-17 10:11:57,53.5605,-0.0323,61.05,64,100,11.36,overcast clouds
246,Kot Samaba,PK,2022-04-17 10:11:57,28.5522,70.4684,110.68,9,84,7.29,broken clouds
247,Sao Marcos,BR,2022-04-17 10:11:58,-28.9711,-51.0681,50.05,99,19,3.13,few clouds
248,Yar-Sale,RU,2022-04-17 10:11:58,66.8333,70.8333,16.3,79,14,6.2,few clouds
249,Bubaque,GW,2022-04-17 10:11:58,11.2833,-15.8333,75.97,58,43,9.44,scattered clouds
250,Xapuri,BR,2022-04-17 10:11:59,-10.6517,-68.5044,70.79,98,88,2.89,overcast clouds
251,Guozhen,CN,2022-04-17 10:11:59,34.3659,107.359,63.19,48,100,5.79,overcast clouds
252,Constitucion,CL,2022-04-17 10:11:59,-35.3333,-72.4167,52.79,72,0,2.42,clear sky
253,Cody,US,2022-04-17 10:12:00,44.5263,-109.0565,33.64,80,40,9.22,scattered clouds
254,Victoria,HK,2022-04-17 10:08:03,22.2855,114.1577,75.18,72,98,10.0,overcast clouds
255,Beaumont,US,2022-04-17 10:10:05,30.0861,-94.1019,76.98,94,100,8.05,mist
256,George Town,MY,2022-04-17 10:08:18,5.4112,100.3354,91.33,62,20,3.44,few clouds
257,Kodiak,US,2022-04-17 10:12:00,57.79,-152.4072,35.11,87,100,3.44,mist
258,Evanston,US,2022-04-17 10:09:43,42.0411,-87.6901,35.06,73,20,3.44,few clouds
259,Carnarvon,AU,2022-04-17 10:12:01,-24.8667,113.6333,69.87,88,100,11.5,light rain
260,Balabac,PH,2022-04-17 10:12:01,7.9868,117.0645,82.54,74,70,6.89,broken clouds
261,Valley Station,US,2022-04-17 10:12:01,38.1112,-85.8702,44.06,60,0,8.05,clear sky
262,Osmena,PH,2022-04-17 10:12:02,10.5208,119.9258,82.76,75,45,10.38,scattered clouds
263,Najran,SA,2022-04-17 10:12:02,17.4924,44.1277,91.74,11,3,7.92,clear sky
264,Margate,GB,2022-04-17 10:10:39,51.3813,1.3862,58.1,64,80,11.68,broken clouds
265,Lodwar,KE,2022-04-17 10:12:02,3.1191,35.5973,88.92,45,100,4.99,overcast clouds
266,Karakol,KG,2022-04-17 10:12:03,42.4907,78.3936,61.38,36,13,5.3,few clouds
267,Solnechnyy,RU,2022-04-17 10:12:03,50.7214,136.6319,28.9,95,100,6.2,light snow
268,Nishihara,JP,2022-04-17 10:12:04,26.1842,127.7558,69.08,60,20,11.5,few clouds
269,Coromandel,BR,2022-04-17 10:12:04,-18.4733,-47.2003,59.31,82,15,4.23,few clouds
270,Koungheul,SN,2022-04-17 10:12:04,13.9833,-14.8,87.19,17,90,7.63,overcast clouds
271,Bonthe,SL,2022-04-17 10:12:05,7.5264,-12.505,84.4,52,77,6.31,broken clouds
272,Waingapu,ID,2022-04-17 10:12:05,-9.6567,120.2641,82.2,79,100,7.94,light rain
273,Eureka,US,2022-04-17 10:12:05,40.8021,-124.1637,40.93,80,100,1.01,overcast clouds
274,Warka,PL,2022-04-17 10:13:06,51.7843,21.1909,47.8,49,97,9.22,overcast clouds
275,Souillac,MU,2022-04-17 10:13:06,-20.5167,57.5167,79.88,79,67,14.79,light rain
276,Hudiksvall,SE,2022-04-17 10:13:07,61.729,17.1036,52.11,60,24,1.43,few clouds
277,Payakumbuh,ID,2022-04-17 10:13:07,-0.2202,100.6308,76.98,93,100,1.54,overcast clouds
278,Elmira,US,2022-04-17 10:13:08,42.0898,-76.8077,32.32,74,100,3.44,overcast clouds
279,Adrar,MR,2022-04-17 10:13:08,20.5022,-10.0711,86.18,11,7,19.73,clear sky
280,Altamira,BR,2022-04-17 10:13:08,-3.2033,-52.2064,71.74,99,80,2.04,broken clouds
281,Ukiah,US,2022-04-17 10:13:09,39.1502,-123.2078,41.43,92,0,0.0,clear sky
282,Vila Velha,BR,2022-04-17 10:13:09,-20.3297,-40.2925,71.94,71,0,5.75,clear sky
283,Nara,JP,2022-04-17 10:13:09,34.6851,135.8049,62.96,80,47,7.72,scattered clouds
284,Aljezur,PT,2022-04-17 10:13:10,37.3191,-8.8033,69.24,47,99,9.37,overcast clouds
285,Akividu,IN,2022-04-17 10:13:10,16.6,81.3833,96.08,40,30,15.43,scattered clouds
286,Ust-Maya,RU,2022-04-17 10:13:10,60.4167,134.5333,24.73,94,84,1.59,broken clouds
287,Laguna,US,2022-04-17 10:13:11,38.421,-121.4238,52.09,77,0,8.05,clear sky
288,Tiksi,RU,2022-04-17 10:13:11,71.6872,128.8694,1.27,98,10,4.76,clear sky
289,Dodge City,US,2022-04-17 10:13:11,37.7528,-100.0171,44.26,53,20,8.05,few clouds
290,Sokoni,TZ,2022-04-17 10:13:12,-6.4333,39.55,81.3,77,100,13.87,moderate rain
291,Kulu,TR,2022-04-17 10:13:12,39.0951,33.0799,68.16,27,99,13.24,overcast clouds
292,Ibra,OM,2022-04-17 10:13:13,22.6906,58.5334,104.27,8,17,12.01,few clouds
293,Shibetsu,JP,2022-04-17 10:13:13,43.659,145.132,43.03,84,58,5.17,broken clouds
294,Saskylakh,RU,2022-04-17 10:13:13,71.9167,114.0833,28.22,96,100,20.24,light snow
295,Talavera De La Reina,ES,2022-04-17 10:13:14,39.9635,-4.8308,70.07,49,38,4.0,scattered clouds
296,Iqaluit,CA,2022-04-17 10:09:37,63.7506,-68.5145,-7.31,76,20,21.85,few clouds
297,San Patricio,US,2022-04-17 10:13:14,28.017,-97.5169,75.18,97,77,6.13,broken clouds
298,Shingu,JP,2022-04-17 10:13:14,33.7333,135.9833,57.74,92,55,8.88,broken clouds
299,Lamar,US,2022-04-17 10:13:15,33.6668,-95.5836,58.91,100,100,9.22,mist
300,Betioky,MG,2022-04-17 10:13:15,-23.7167,44.3833,98.58,27,6,3.2,clear sky
301,Dudinka,RU,2022-04-17 10:13:15,69.4058,86.1778,16.63,92,100,15.61,overcast clouds
302,Nemuro,JP,2022-04-17 10:13:16,43.3236,145.575,42.46,72,24,25.48,few clouds
303,Ambovombe,MG,2022-04-17 10:13:16,-25.1667,46.0833,83.7,61,25,12.39,scattered clouds
304,San Policarpo,PH,2022-04-17 10:13:16,12.1791,125.5072,81.19,76,33,9.64,scattered clouds
305,Prainha,BR,2022-04-17 10:13:17,-1.8,-53.48,72.95,95,89,2.44,overcast clouds
306,Aguimes,ES,2022-04-17 10:13:17,27.9054,-15.4461,75.83,47,0,10.36,clear sky
307,Madhogarh,IN,2022-04-17 10:13:18,26.276,79.1869,110.03,4,0,8.03,clear sky
308,Half Moon Bay,US,2022-04-17 10:13:18,37.4636,-122.4286,47.98,86,0,8.05,clear sky
309,Lagoa,PT,2022-04-17 10:13:18,39.05,-27.9833,57.42,70,4,12.53,clear sky
310,Iralaya,HN,2022-04-17 10:13:19,15.0,-83.2333,76.3,73,6,6.51,clear sky
311,Nouakchott,MR,2022-04-17 10:13:19,18.0858,-15.9785,67.93,68,12,13.6,few clouds
312,Chirongui,YT,2022-04-17 10:13:19,-12.9319,45.1483,89.53,68,7,18.86,clear sky
313,Aizpute,LV,2022-04-17 10:13:20,56.7167,21.6,45.63,34,75,5.7,broken clouds
314,Necochea,AR,2022-04-17 10:13:20,-38.5473,-58.7368,53.74,76,65,4.65,broken clouds
315,Dunda,TZ,2022-04-17 10:13:20,-8.1167,34.25,79.81,52,53,6.87,broken clouds
316,Marovoay,MG,2022-04-17 10:10:38,-16.1,46.6333,90.66,45,1,7.92,clear sky
317,Bismil,TR,2022-04-17 10:13:21,37.8486,40.6658,73.51,31,1,0.92,clear sky
318,Khatanga,RU,2022-04-17 10:13:21,71.9667,102.5,21.69,94,100,10.18,overcast clouds
319,Gushikawa,JP,2022-04-17 10:13:21,26.3544,127.8686,69.03,58,75,5.75,broken clouds
320,Fairbanks,US,2022-04-17 10:08:37,64.8378,-147.7164,23.34,45,0,10.36,clear sky
321,Saint-Joseph,RE,2022-04-17 10:14:22,-21.3667,55.6167,85.1,78,19,10.09,light rain
322,Iquique,CL,2022-04-17 10:13:58,-20.2208,-70.1431,57.24,77,32,4.9,scattered clouds
323,Komsomolskiy,UZ,2022-04-17 10:14:23,40.4272,71.7189,84.92,13,93,6.91,overcast clouds
324,Peleduy,RU,2022-04-17 10:14:24,59.6289,112.7406,38.53,100,100,12.97,overcast clouds
325,Port Lincoln,AU,2022-04-17 10:14:25,-34.7333,135.8667,63.05,82,100,5.7,overcast clouds
326,Viramgam,IN,2022-04-17 10:14:25,23.1225,72.0484,106.29,10,0,13.85,clear sky
327,Gat,IL,2022-04-17 10:11:41,31.61,34.7642,93.88,9,9,6.06,clear sky
328,Yining,CN,2022-04-17 10:14:26,29.0361,114.5636,50.83,95,100,1.01,overcast clouds
329,Zhongshu,CN,2022-04-17 10:14:26,24.5167,103.7667,60.15,82,91,3.4,overcast clouds
330,Sinnamary,GF,2022-04-17 10:14:26,5.3833,-52.95,76.73,87,86,10.27,overcast clouds
331,Hartford,US,2022-04-17 10:12:29,41.7668,-72.7662,38.86,85,0,10.36,clear sky
332,Mantua,IT,2022-04-17 10:14:27,45.1667,10.7833,59.34,46,9,5.99,clear sky
333,Luena,AO,2022-04-17 10:14:27,-11.7833,19.9167,72.91,73,97,7.0,light rain
334,Thunder Bay,CA,2022-04-17 10:11:36,48.4001,-89.3168,12.25,97,71,3.98,broken clouds
335,Longyearbyen,SJ,2022-04-17 10:14:27,78.2186,15.6401,21.04,68,75,6.91,broken clouds
336,Deputatskiy,RU,2022-04-17 10:14:28,69.3,139.9,10.2,99,100,3.13,overcast clouds
337,Namatanai,PG,2022-04-17 10:14:28,-3.6667,152.4333,81.61,76,97,10.4,overcast clouds
338,Thinadhoo,MV,2022-04-17 10:14:28,0.5333,72.9333,84.33,64,86,8.23,overcast clouds
339,Camacha,PT,2022-04-17 10:14:29,33.0833,-16.3333,63.82,72,40,16.11,scattered clouds
340,Lorengau,PG,2022-04-17 10:14:29,-2.0226,147.2712,81.9,80,32,6.24,scattered clouds
341,Eyl,SO,2022-04-17 10:14:30,7.9803,49.8164,93.34,49,31,13.85,scattered clouds
342,Marsh Harbour,BS,2022-04-17 10:14:30,26.5412,-77.0636,75.06,76,0,9.57,clear sky
343,Tadine,NC,2022-04-17 10:14:30,-21.55,167.8833,76.93,74,0,2.86,clear sky
344,Alyangula,AU,2022-04-17 10:14:30,-13.8483,136.4192,81.0,75,83,11.05,broken clouds
345,Sindou,BF,2022-04-17 10:14:31,10.6667,-5.1667,84.69,44,92,4.03,overcast clouds
346,Biak,ID,2022-04-17 10:14:31,-0.9131,122.8766,75.99,87,100,2.59,overcast clouds
347,Naze,JP,2022-04-17 10:14:31,28.3667,129.4833,64.02,60,63,8.5,broken clouds
348,Waipawa,NZ,2022-04-17 10:14:32,-41.4122,175.5153,46.38,84,28,5.19,scattered clouds
349,Yatou,CN,2022-04-17 10:14:32,37.15,122.3833,56.05,45,86,7.05,overcast clouds
350,Srednekolymsk,RU,2022-04-17 10:14:32,67.45,153.6833,10.62,94,98,6.06,overcast clouds
351,Ahipara,NZ,2022-04-17 10:14:33,-35.1667,173.1667,63.36,89,100,19.77,light rain
352,Cobija,BO,2022-04-17 10:14:33,-11.0267,-68.7692,71.91,94,85,2.39,overcast clouds
353,Havelock,US,2022-04-17 10:13:18,34.8791,-76.9013,66.18,94,0,9.22,clear sky
354,Dolgoye,RU,2022-04-17 10:14:33,52.8,37.2167,37.47,82,100,12.08,overcast clouds
355,Udachnyy,RU,2022-04-17 10:14:34,66.4167,112.4,34.45,92,100,14.5,light snow
356,Nome,US,2022-04-17 10:13:21,64.5011,-165.4064,32.16,74,100,18.41,overcast clouds
357,Balkhash,KZ,2022-04-17 10:14:34,46.844,74.9804,77.61,10,0,13.42,clear sky
358,Dibombari,CM,2022-04-17 10:14:34,4.1787,9.6561,92.16,55,33,1.81,scattered clouds
359,Makakilo City,US,2022-04-17 10:14:02,21.3469,-158.0858,72.01,72,0,8.05,clear sky
360,Haines Junction,CA,2022-04-17 10:14:35,60.7522,-137.5108,22.51,89,100,3.87,overcast clouds
361,Chumikan,RU,2022-04-17 10:14:35,54.7183,135.315,23.92,89,100,2.84,overcast clouds
362,Lokosovo,RU,2022-04-17 10:14:36,61.1333,74.8167,28.17,81,100,10.96,overcast clouds
363,Wattegama,LK,2022-04-17 10:14:36,6.7989,81.4808,85.53,71,97,7.67,overcast clouds
364,Umm Lajj,SA,2022-04-17 10:14:36,25.0213,37.2685,87.03,36,0,11.72,clear sky
365,Rio Grande,BR,2022-04-17 10:14:37,-32.035,-52.0986,66.06,65,89,8.12,overcast clouds
366,Dombarovskiy,RU,2022-04-17 10:15:37,50.7587,59.5386,56.41,39,72,3.58,broken clouds
367,Hofn,IS,2022-04-17 10:15:38,64.2539,-15.2082,46.04,99,100,4.25,light rain
368,Anori,BR,2022-04-17 10:15:38,-3.7728,-61.6442,73.24,97,100,1.61,overcast clouds
369,Popondetta,PG,2022-04-17 10:15:39,-8.7537,148.2534,76.15,91,100,2.93,light rain
370,La Orilla,MX,2022-04-17 10:15:39,17.9833,-102.2333,70.66,89,93,4.79,overcast clouds
371,Seduva,LT,2022-04-17 10:15:40,55.7667,23.7667,45.03,45,23,9.98,few clouds
372,Ocos,GT,2022-04-17 10:15:41,14.5094,-92.1933,75.38,75,10,8.32,clear sky
373,Harper,LR,2022-04-17 10:15:41,4.375,-7.7169,78.55,80,100,8.16,overcast clouds
374,Sao Filipe,CV,2022-04-17 10:15:41,14.8961,-24.4956,70.95,76,55,6.26,broken clouds
375,Flin Flon,CA,2022-04-17 10:15:08,54.7682,-101.865,16.83,95,100,3.42,overcast clouds
376,Ust-Kuyga,RU,2022-04-17 10:15:42,70.0167,135.6,13.77,95,100,2.17,overcast clouds
377,Wanning,CN,2022-04-17 10:15:42,18.8003,110.3967,78.73,83,84,9.33,broken clouds
378,Saryg-Sep,RU,2022-04-17 10:15:42,51.5,95.6,63.54,26,88,1.16,overcast clouds
379,Maningrida,AU,2022-04-17 10:15:43,-12.0667,134.2667,81.07,77,71,9.28,broken clouds
380,Bafq,IR,2022-04-17 10:15:43,31.6128,55.4107,82.87,14,23,6.42,few clouds
381,Baykit,RU,2022-04-17 10:15:43,61.67,96.37,40.41,95,100,9.04,light rain
382,Contai,IN,2022-04-17 10:15:44,21.7786,87.7536,85.59,76,77,21.09,broken clouds
383,Alofi,NU,2022-04-17 10:15:17,-19.0595,-169.9187,73.29,100,50,1.14,scattered clouds
384,Zhireken,RU,2022-04-17 10:15:44,52.8249,117.3076,44.67,39,100,5.44,overcast clouds
385,Ugoofaaru,MV,2022-04-17 10:15:44,5.6667,73.0,84.96,72,96,9.66,overcast clouds
386,Nueva Gerona,CU,2022-04-17 10:15:45,21.8833,-82.8,77.88,71,0,3.06,clear sky
387,Jizan,SA,2022-04-17 10:15:45,17.3333,42.6667,94.14,31,4,16.22,clear sky
388,Parfenyevo,RU,2022-04-17 10:15:45,58.484,43.4088,41.76,43,11,8.16,few clouds
389,Olinda,BR,2022-04-17 10:13:41,-8.0089,-34.8553,78.53,94,75,5.75,light rain
390,Waupun,US,2022-04-17 10:15:46,43.6333,-88.7296,29.8,78,7,5.79,clear sky
391,Tomatlan,MX,2022-04-17 10:15:46,19.9333,-105.25,67.42,56,60,2.21,broken clouds
392,Venado Tuerto,AR,2022-04-17 10:15:46,-33.7456,-61.9688,54.77,67,91,3.47,overcast clouds
393,Sarahan,IN,2022-04-17 10:15:47,31.5167,77.8,68.14,35,39,9.71,scattered clouds
394,Tautira,PF,2022-04-17 10:15:47,-17.7333,-149.15,80.08,76,5,11.41,light rain
395,Paraiso,CR,2022-04-17 10:15:47,9.8383,-83.8656,64.42,91,100,2.04,overcast clouds
396,Berlevag,NO,2022-04-17 10:15:48,70.8578,29.0864,37.2,91,100,19.19,overcast clouds
397,La Ronge,CA,2022-04-17 10:15:48,55.1001,-105.2842,23.25,68,100,4.61,overcast clouds
398,Luis Correia,BR,2022-04-17 10:15:48,-2.8792,-41.6669,77.29,90,87,7.02,overcast clouds
399,Arbuzynka,UA,2022-04-17 10:15:49,47.9097,31.3196,47.77,45,100,9.15,overcast clouds
400,Swan Hill,AU,2022-04-17 10:15:49,-35.3378,143.5544,74.62,34,100,8.7,overcast clouds
401,Black River,JM,2022-04-17 10:15:49,18.0264,-77.8487,73.26,87,0,5.14,clear sky
402,Taltal,CL,2022-04-17 10:15:50,-25.4,-70.4833,59.5,75,1,4.25,clear sky
403,Ati,TD,2022-04-17 10:15:50,13.2154,18.3353,102.79,22,24,9.93,few clouds
404,Sao Miguel,BR,2022-04-17 10:15:50,-5.4667,-35.3667,75.97,82,97,5.35,overcast clouds
405,Ruyigi,BI,2022-04-17 10:15:51,-3.45,30.3167,70.95,71,70,5.75,light rain
406,Kenai,US,2022-04-17 10:15:51,60.5544,-151.2583,36.14,76,100,0.0,overcast clouds
407,Kattivakkam,IN,2022-04-17 10:15:51,13.2167,80.3167,93.29,77,44,16.53,scattered clouds
408,Vitim,RU,2022-04-17 10:15:51,59.4511,112.5578,38.84,100,100,13.33,overcast clouds
409,Pevek,RU,2022-04-17 10:15:52,69.7008,170.3133,-4.99,100,77,3.24,broken clouds
410,Atar,MR,2022-04-17 10:15:52,20.5169,-13.0499,92.28,9,10,22.62,clear sky
411,Birnin Kebbi,NG,2022-04-17 10:15:53,12.4539,4.1975,97.07,13,61,9.08,broken clouds
412,Rio Chiquito,HN,2022-04-17 10:15:53,15.6333,-88.25,77.95,89,17,2.01,few clouds
413,Mandalgovi,MN,2022-04-17 10:16:53,45.7625,106.2708,49.66,26,24,15.57,few clouds
414,Meulaboh,ID,2022-04-17 10:16:54,4.1363,96.1285,82.9,81,62,6.29,broken clouds
415,Fort Wellington,GY,2022-04-17 10:16:54,6.4,-57.6,75.63,86,53,6.8,broken clouds
416,Yerbogachen,RU,2022-04-17 10:16:54,61.2767,108.0108,45.3,85,100,12.66,overcast clouds
417,Cidreira,BR,2022-04-17 10:16:55,-30.1811,-50.2056,65.19,74,79,5.82,broken clouds
418,Nancha,CN,2022-04-17 10:16:55,47.1333,129.2667,41.88,48,90,5.68,overcast clouds
419,Great Yarmouth,GB,2022-04-17 10:16:55,52.6083,1.7305,63.09,68,96,13.13,overcast clouds
420,Kelvington,CA,2022-04-17 10:16:56,52.1667,-103.5343,10.83,94,100,5.35,overcast clouds
421,Antalaha,MG,2022-04-17 10:16:56,-14.9003,50.2788,85.1,63,9,12.33,clear sky
422,Saint-Philippe,RE,2022-04-17 10:16:56,-21.3585,55.7679,85.12,80,31,11.63,light rain
423,Fort-Shevchenko,KZ,2022-04-17 10:16:56,44.5086,50.263,61.95,49,0,9.98,clear sky
424,Tumbotino,RU,2022-04-17 10:16:57,55.9993,43.0236,35.94,88,100,13.94,overcast clouds
425,Neftcala,AZ,2022-04-17 10:16:57,39.3742,49.2472,60.42,56,10,13.38,clear sky
426,Lebu,CL,2022-04-17 10:16:57,-37.6167,-73.65,52.05,94,36,5.17,scattered clouds
427,Bantogon,PH,2022-04-17 10:16:58,6.5333,124.0333,80.22,78,99,2.13,overcast clouds
428,Lavrentiya,RU,2022-04-17 10:16:58,65.5833,-171.0,29.21,98,100,10.27,light snow
429,Bay Roberts,CA,2022-04-17 10:16:58,47.5999,-53.2648,46.15,75,100,1.01,overcast clouds
430,Ayan,RU,2022-04-17 10:16:59,56.45,138.1667,25.07,81,63,3.27,broken clouds
431,Chimbote,PE,2022-04-17 10:16:59,-9.0853,-78.5783,64.08,92,64,3.71,broken clouds
432,Gadarwara,IN,2022-04-17 10:16:59,22.9167,78.7833,106.16,8,3,6.35,clear sky
433,Alekseyevka,RU,2022-04-17 10:17:00,50.6309,38.6903,50.58,82,100,6.58,overcast clouds
434,Abha,SA,2022-04-17 10:15:06,18.2164,42.5053,80.85,16,40,14.97,scattered clouds
435,Vao,NC,2022-04-17 10:17:00,-22.6667,167.4833,77.07,69,2,2.93,clear sky
436,Byron Bay,AU,2022-04-17 10:16:11,-28.65,153.6167,65.95,71,46,9.13,scattered clouds
437,Salinopolis,BR,2022-04-17 10:17:00,-0.6136,-47.3561,77.79,87,100,3.78,moderate rain
438,Burnie,AU,2022-04-17 10:17:01,-41.0667,145.9167,61.7,92,100,9.42,light rain
439,Boueni,YT,2022-04-17 10:17:01,-12.9025,45.0761,91.38,68,6,19.86,clear sky
440,Puerto Carreno,CO,2022-04-17 10:17:02,6.189,-67.4859,76.23,88,100,5.57,overcast clouds
441,Ornskoldsvik,SE,2022-04-17 10:17:02,63.2909,18.7153,49.15,66,35,6.91,scattered clouds
442,Trincomalee,LK,2022-04-17 10:17:02,8.5711,81.2335,85.53,72,84,7.36,broken clouds
443,San Rafael,AR,2022-04-17 10:17:02,-34.6177,-68.3301,54.12,54,7,2.35,clear sky
444,Beeville,US,2022-04-17 10:17:03,28.4008,-97.7483,74.62,94,100,5.75,overcast clouds
445,Marzuq,YE,2022-04-17 10:17:03,14.4,46.4667,93.45,14,1,8.05,clear sky
446,Graaff-Reinet,ZA,2022-04-17 10:17:04,-32.2522,24.5308,60.93,73,2,6.11,clear sky
447,Pingzhuang,CN,2022-04-17 10:17:04,42.0372,119.2889,61.56,18,100,12.37,overcast clouds
448,Sangar,RU,2022-04-17 10:17:04,63.9242,127.4739,22.8,89,59,7.16,broken clouds
449,Champoton,MX,2022-04-17 10:17:05,19.35,-90.7167,76.75,81,0,10.65,clear sky
450,Cuiluan,CN,2022-04-17 10:17:05,47.72,128.648,39.31,44,69,3.2,broken clouds
451,Ilheus,BR,2022-04-17 10:17:05,-14.7889,-39.0494,75.02,94,100,8.05,moderate rain
452,Gravdal,NO,2022-04-17 10:17:06,68.1214,13.5031,40.89,100,100,14.97,overcast clouds
453,Hammerfest,NO,2022-04-17 10:17:06,70.6634,23.6821,39.65,100,75,14.97,light intensity drizzle
454,Lasa,IT,2022-04-17 10:17:06,46.6166,10.7002,59.36,52,4,5.95,clear sky
455,Lianzhou,CN,2022-04-17 10:17:07,24.7811,112.3825,56.61,95,100,2.55,overcast clouds
456,Oranjestad,AW,2022-04-17 10:17:07,12.524,-70.027,80.55,78,20,19.57,few clouds
457,Kulhudhuffushi,MV,2022-04-17 10:17:07,6.6221,73.07,84.81,71,99,7.18,overcast clouds
458,Cigand,HU,2022-04-17 10:17:08,48.2556,21.892,49.15,39,47,17.85,scattered clouds
459,Rio Gallegos,AR,2022-04-17 10:17:08,-51.6226,-69.2181,48.25,66,0,13.8,clear sky
460,Lac Du Bonnet,CA,2022-04-17 10:15:24,50.2536,-96.0612,8.47,100,78,3.74,broken clouds
461,Lashio,MM,2022-04-17 10:18:09,22.9333,97.75,71.87,74,90,3.2,overcast clouds
462,Yenagoa,NG,2022-04-17 10:18:09,4.9247,6.2642,86.9,66,95,4.07,light rain
463,Quixada,BR,2022-04-17 10:18:10,-4.9714,-39.0153,76.39,84,50,2.01,scattered clouds
464,Severo-Kurilsk,RU,2022-04-17 10:18:10,50.6789,156.125,28.58,78,61,15.39,broken clouds
465,Gryazovets,RU,2022-04-17 10:18:11,58.88,40.2525,40.15,53,36,6.67,scattered clouds
466,Puerto Suarez,BO,2022-04-17 10:18:11,-18.95,-57.8,62.85,90,0,2.53,clear sky
467,Aitape,PG,2022-04-17 10:18:12,-3.1374,142.3475,81.0,80,53,3.15,broken clouds
468,Parrita,CR,2022-04-17 10:18:12,9.5201,-84.3225,77.5,82,100,3.71,overcast clouds
469,Westport,US,2022-04-17 10:18:13,41.1415,-73.3579,42.78,93,0,4.61,clear sky
470,Fort Nelson,CA,2022-04-17 10:15:24,58.8053,-122.7002,11.79,85,100,11.5,light snow
471,Salta,AR,2022-04-17 10:18:13,-24.7859,-65.4117,48.58,92,0,4.61,clear sky
472,Richards Bay,ZA,2022-04-17 10:18:14,-28.783,32.0377,67.57,83,100,1.83,light rain
473,Carutapera,BR,2022-04-17 10:18:14,-1.195,-46.02,75.94,93,99,1.59,overcast clouds
474,Belyy Yar,RU,2022-04-17 10:18:14,53.6039,91.3903,78.69,10,0,15.66,clear sky
475,Kharp,RU,2022-04-17 10:18:15,66.8014,65.8081,21.31,75,24,7.87,few clouds
476,Ipixuna,BR,2022-04-17 10:18:15,-1.7625,-48.8043,73.99,97,92,1.61,overcast clouds
477,Cabedelo,BR,2022-04-17 10:18:15,-6.9811,-34.8339,81.27,82,99,6.17,overcast clouds
478,Chunskiy,RU,2022-04-17 10:18:16,56.0815,99.6342,59.76,75,97,6.85,overcast clouds
479,Quatre Cocos,MU,2022-04-17 10:18:16,-20.2078,57.7625,81.09,81,47,14.88,light rain
480,Tigzirt,DZ,2022-04-17 10:18:16,36.8886,4.1198,65.39,60,2,7.63,clear sky
481,Caucaia,BR,2022-04-17 10:17:45,-3.7361,-38.6531,80.04,84,75,2.3,broken clouds
482,Beira,MZ,2022-04-17 10:18:17,-19.8436,34.8389,84.29,79,75,10.36,broken clouds
483,Ucluelet,CA,2022-04-17 10:18:17,48.9329,-125.5528,36.09,89,39,2.08,scattered clouds
484,Chiredzi,ZW,2022-04-17 10:18:17,-21.05,31.6667,67.03,86,100,7.54,overcast clouds
485,Auki,SB,2022-04-17 10:18:18,-8.7676,160.7034,77.83,86,100,3.85,light rain
486,San Juan,AR,2022-04-17 10:14:52,-31.5375,-68.5364,58.41,55,19,0.72,few clouds
487,Balykshi,KZ,2022-04-17 10:18:18,47.0667,51.8667,68.0,40,0,6.71,clear sky
488,Bud,US,2022-04-17 10:17:24,39.447,-86.1758,37.17,72,70,9.4,broken clouds
489,Yumen,CN,2022-04-17 10:18:18,40.2833,97.2,57.67,14,0,9.53,clear sky
490,Anadyr,RU,2022-04-17 10:18:19,64.75,177.4833,30.7,86,40,26.84,light snow
491,Walvis Bay,NA,2022-04-17 10:18:19,-22.9575,14.5053,67.15,63,0,5.75,clear sky
492,Malartic,CA,2022-04-17 10:15:24,48.1335,-78.1328,28.51,94,91,7.67,overcast clouds
493,Tura,IN,2022-04-17 10:18:19,25.5198,90.2201,77.16,81,68,11.3,broken clouds
494,Colares,PT,2022-04-17 10:18:20,38.7992,-9.4469,65.44,66,20,24.0,few clouds
495,Olafsvik,IS,2022-04-17 10:18:20,64.8945,-23.7142,42.57,84,100,13.27,overcast clouds
496,Morant Bay,JM,2022-04-17 10:18:21,17.8815,-76.4093,72.72,85,100,9.19,overcast clouds
497,Bowen,AU,2022-04-17 10:15:54,-20.0167,148.2333,76.73,69,0,16.42,clear sky
498,Viedma,AR,2022-04-17 10:18:21,-40.8135,-62.9967,51.82,91,0,5.86,clear sky
499,Hella,NO,2022-04-17 10:18:21,67.2,14.4333,44.74,91,75,9.22,broken clouds
500,Mainaguri,IN,2022-04-17 10:18:22,26.5667,88.8167,93.83,41,10,2.17,clear sky
501,Baghdad,IQ,2022-04-17 10:18:22,33.3406,44.4009,84.11,10,0,4.61,clear sky
502,Bandarbeyla,SO,2022-04-17 10:18:22,9.4942,50.8122,88.48,61,29,17.2,scattered clouds
503,Prince Rupert,CA,2022-04-17 10:18:23,54.3161,-130.3201,40.69,86,0,9.22,clear sky
504,Yakima,US,2022-04-17 10:18:23,46.4665,-120.6678,31.44,86,0,0.0,clear sky
505,Sur,OM,2022-04-17 10:14:00,22.5667,59.5289,95.22,31,2,8.79,clear sky
506,Puerto Leguizamo,CO,2022-04-17 10:18:24,-0.1934,-74.7819,71.02,99,99,1.74,overcast clouds
507,Bam,IR,2022-04-17 10:18:24,29.106,58.357,90.39,12,62,11.45,broken clouds
508,Catuday,PH,2022-04-17 10:19:24,16.2923,119.8062,82.13,69,32,8.12,scattered clouds
509,Prachuap Khiri Khan,TH,2022-04-17 10:19:25,12.2167,99.75,88.47,50,63,8.79,broken clouds
510,Zhezkazgan,KZ,2022-04-17 10:19:25,47.8043,67.7144,76.98,25,0,13.42,clear sky
511,Mount Gambier,AU,2022-04-17 10:19:26,-37.8333,140.7667,56.97,97,100,4.32,overcast clouds
512,Amga,RU,2022-04-17 10:19:27,60.8953,131.9608,23.97,86,91,1.54,overcast clouds
513,Ulaanbaatar,MN,2022-04-17 10:19:27,47.9077,106.8832,53.73,17,0,13.42,clear sky
514,Arrifes,PT,2022-04-17 10:19:28,37.7667,-25.7,61.05,77,20,17.27,few clouds
515,Araouane,ML,2022-04-17 10:19:28,18.9048,-3.5265,82.47,16,0,15.93,clear sky
516,Dzhebariki-Khaya,RU,2022-04-17 10:19:29,62.2167,135.8,19.4,92,60,2.8,broken clouds
517,Male,MV,2022-04-17 10:19:29,4.1748,73.5089,84.31,73,100,9.19,overcast clouds
518,Verkhoyansk,RU,2022-04-17 10:19:29,67.5447,133.385,17.94,83,83,2.86,broken clouds
519,Kangaatsiaq,GL,2022-04-17 10:19:30,68.3065,-53.4641,-4.09,98,62,5.84,broken clouds
520,Remanso,BR,2022-04-17 10:19:30,-9.6179,-42.0831,76.17,76,84,4.76,broken clouds
521,Cheney,US,2022-04-17 10:17:25,47.4874,-117.5758,34.25,93,100,11.5,overcast clouds
522,Broome,US,2022-04-17 10:19:31,42.2506,-75.833,30.69,75,100,8.01,overcast clouds
523,Akhtubinsk,RU,2022-04-17 10:19:31,48.2795,46.1722,68.23,33,100,10.56,overcast clouds
524,Jiblah,YE,2022-04-17 10:19:31,13.9216,44.1467,75.78,33,51,8.9,broken clouds
525,Gorontalo,ID,2022-04-17 10:19:32,0.5412,123.0595,76.98,89,99,0.63,overcast clouds
526,Ginda,IN,2022-04-17 10:19:32,30.6945,78.4932,82.27,16,41,5.01,scattered clouds
527,Hare Bay,CA,2022-04-17 10:19:32,48.8499,-54.0148,42.19,70,100,7.4,overcast clouds
528,Goderich,CA,2022-04-17 10:15:13,43.7501,-81.7165,32.92,74,100,14.97,overcast clouds
529,Chapais,CA,2022-04-17 10:19:33,49.7834,-74.8492,28.18,90,100,13.8,overcast clouds
530,Awbari,LY,2022-04-17 10:19:33,26.5921,12.7805,70.66,36,5,14.29,clear sky
531,Belluru,IN,2022-04-17 10:19:34,12.9911,76.7444,93.4,26,10,6.46,clear sky
532,Mountain Home,US,2022-04-17 10:14:55,43.133,-115.6912,33.28,100,100,3.44,overcast clouds
533,Prado,BR,2022-04-17 10:16:45,-17.3411,-39.2208,74.23,86,100,11.01,overcast clouds
534,Macusani,PE,2022-04-17 10:19:34,-14.0833,-70.4333,33.03,41,34,1.77,scattered clouds
535,Ayr,GB,2022-04-17 10:19:34,55.4627,-4.6339,58.32,72,40,16.11,scattered clouds
536,Bundaberg,AU,2022-04-17 10:19:35,-24.85,152.35,69.22,78,75,8.05,broken clouds
537,Cross Lanes,US,2022-04-17 10:19:35,38.4204,-81.7907,42.57,54,0,5.75,clear sky
538,Liwonde,MW,2022-04-17 10:19:35,-15.0506,35.2035,83.5,59,60,2.15,broken clouds
539,Payo,ID,2022-04-17 10:19:36,-3.7508,103.6372,80.82,93,64,1.97,broken clouds
540,Kargopol,RU,2022-04-17 10:19:36,61.5071,38.9456,40.12,72,92,7.74,overcast clouds
541,Vestmanna,FO,2022-04-17 10:19:36,62.1564,-7.1664,45.52,100,100,9.22,mist
542,Barentu,ER,2022-04-17 10:19:37,15.1139,37.5928,94.73,21,15,8.61,few clouds
543,Pangoa,PE,2022-04-17 10:19:37,-12.1167,-73.0,68.11,94,100,1.03,overcast clouds
544,Santa Rosa,PH,2022-04-17 10:19:37,14.3122,121.1114,84.11,76,62,13.42,broken clouds
545,Hanmer Springs,NZ,2022-04-17 10:19:38,-42.5167,172.8167,47.52,96,100,0.74,overcast clouds
546,Mangan,IN,2022-04-17 10:19:38,27.5167,88.5333,80.64,45,53,6.78,broken clouds
547,Castanos,MX,2022-04-17 10:19:38,26.7833,-101.4167,78.35,60,74,5.08,broken clouds
548,Tavira,PT,2022-04-17 10:19:39,37.1273,-7.6486,73.27,52,89,6.85,overcast clouds
549,Pangnirtung,CA,2022-04-17 10:19:39,66.1451,-65.7125,8.6,96,100,1.45,light snow
550,Tanete,ID,2022-04-17 10:19:39,-3.9443,119.7848,79.21,86,94,1.72,overcast clouds
551,Otradnoye,RU,2022-04-17 10:19:40,59.7775,30.8181,48.25,48,79,4.03,broken clouds
552,Porto Walter,BR,2022-04-17 10:20:40,-8.2686,-72.7439,68.9,96,0,2.04,clear sky
553,Guerrero Negro,MX,2022-04-17 10:20:40,27.9769,-114.0611,58.44,90,83,15.41,broken clouds
554,Kiunga,PG,2022-04-17 10:20:41,-6.1219,141.2906,76.8,96,81,1.97,broken clouds
555,Canete,CL,2022-04-17 10:20:41,-37.8,-73.4,51.8,75,27,1.48,scattered clouds
556,Nantucket,US,2022-04-17 10:20:42,41.2835,-70.0995,44.71,92,20,11.5,few clouds
557,Korla,CN,2022-04-17 10:20:42,41.7597,86.1469,67.33,8,3,8.95,clear sky
558,Alta Floresta,BR,2022-04-17 10:20:43,-9.8756,-56.0861,71.22,99,100,2.82,overcast clouds
559,Port Augusta,AU,2022-04-17 10:17:37,-32.5,137.7667,67.73,82,100,18.3,overcast clouds
560,Shitkino,RU,2022-04-17 10:20:43,56.3703,98.3543,62.17,63,67,9.78,broken clouds
561,Tezu,IN,2022-04-17 10:20:43,27.9167,96.1667,82.74,53,47,4.14,scattered clouds
562,Chegdomyn,RU,2022-04-17 10:20:44,51.1167,133.0167,28.98,95,100,1.36,light snow
563,Rongcheng,CN,2022-04-17 10:20:44,30.634,117.8517,59.81,69,100,0.65,overcast clouds
564,Neuquen,AR,2022-04-17 10:20:44,-38.9516,-68.0591,53.49,87,100,5.75,overcast clouds
565,Porto Novo,BJ,2022-04-17 10:20:45,6.4965,2.6036,89.91,58,89,7.29,overcast clouds
566,Namibe,AO,2022-04-17 10:20:45,-15.1961,12.1522,79.43,61,0,0.0,clear sky
567,Pascagoula,US,2022-04-17 10:20:45,30.3658,-88.5561,73.45,94,40,0.0,scattered clouds
568,Bonavista,CA,2022-04-17 10:20:46,48.6499,-53.1147,36.81,80,100,13.53,overcast clouds
569,Sawtell,AU,2022-04-17 10:20:46,-30.3833,153.1,66.18,94,100,4.61,overcast clouds
570,Storsteinnes,NO,2022-04-17 10:20:46,69.2408,19.2344,42.39,100,100,1.88,moderate rain
571,Uberaba,BR,2022-04-17 10:20:10,-19.7483,-47.9319,63.18,77,0,0.0,clear sky
572,Skhisma,GR,2022-04-17 10:20:47,35.2667,25.7167,73.29,70,100,16.26,overcast clouds
573,Tiarei,PF,2022-04-17 10:20:47,-17.5333,-149.3333,77.02,76,2,11.63,light rain
574,Qinzhou,CN,2022-04-17 10:20:47,21.95,108.6167,59.63,84,100,11.34,overcast clouds
575,Uige,AO,2022-04-17 10:20:48,-7.6087,15.0613,79.47,67,98,3.24,overcast clouds
576,Palagiano,IT,2022-04-17 10:20:48,40.5782,17.0374,59.83,72,100,16.13,light rain
577,Henties Bay,NA,2022-04-17 10:20:48,-22.116,14.2845,66.36,64,2,6.91,clear sky
578,Leningradskiy,RU,2022-04-17 10:20:49,69.3833,178.4167,3.87,97,97,4.68,overcast clouds
579,Saint-Georges,GD,2022-04-17 10:20:49,12.0564,-61.7485,78.48,83,75,18.41,broken clouds
580,Acajutla,SV,2022-04-17 10:20:49,13.5928,-89.8275,80.44,77,78,3.67,broken clouds
581,Sao Gabriel Da Cachoeira,BR,2022-04-17 10:20:50,-0.1303,-67.0892,71.31,99,93,0.18,overcast clouds
582,Itarema,BR,2022-04-17 10:20:50,-2.9248,-39.9167,77.77,89,65,6.08,broken clouds
583,Rafaela,AR,2022-04-17 10:20:50,-31.2503,-61.4867,56.98,58,36,4.74,scattered clouds
584,Tecoanapa,MX,2022-04-17 10:20:51,16.5167,-98.75,76.24,71,74,5.06,broken clouds
585,Mendi,PG,2022-04-17 10:20:51,-6.1761,143.6513,57.31,99,99,1.16,overcast clouds
586,Gornopravdinsk,RU,2022-04-17 10:20:51,60.05,69.9,32.95,79,100,6.13,overcast clouds
587,Niono,ML,2022-04-17 10:20:52,14.2526,-5.993,92.55,22,11,10.09,few clouds
588,Cap Malheureux,MU,2022-04-17 10:20:52,-19.9842,57.6142,80.47,84,23,8.99,few clouds
589,Hauterive,FR,2022-04-17 10:20:52,46.0901,3.4459,57.96,40,0,4.16,clear sky
590,La Romana,DO,2022-04-17 10:20:53,18.4273,-68.9728,71.71,90,34,7.94,scattered clouds
591,Tulum,MX,2022-04-17 10:20:53,20.2167,-87.4667,74.88,86,2,5.19,clear sky
592,Ambanja,MG,2022-04-17 10:20:53,-13.6833,48.45,87.06,61,2,6.04,clear sky
593,Rocha,UY,2022-04-17 10:20:53,-34.4833,-54.3333,53.44,93,50,0.69,scattered clouds
594,Egvekinot,RU,2022-04-17 10:20:54,66.3167,-179.1667,17.53,93,95,8.39,overcast clouds
595,Buraydah,SA,2022-04-17 10:20:54,26.326,43.975,90.05,11,0,6.85,clear sky
596,Ha Tinh,VN,2022-04-17 10:20:55,18.3333,105.9,74.71,93,100,6.51,overcast clouds
597,Kokopo,PG,2022-04-17 10:20:55,-4.352,152.2633,79.11,83,98,3.0,light rain
598,Miranda De Ebro,ES,2022-04-17 10:20:55,42.6865,-2.947,63.57,43,34,4.0,scattered clouds
599,Imeni Poliny Osipenko,RU,2022-04-17 10:20:56,52.4201,136.4853,28.71,86,100,12.26,overcast clouds
600,Vodnyy,RU,2022-04-17 10:21:56,63.5046,53.4095,36.03,68,100,10.0,overcast clouds
601,Bellevue,US,2022-04-17 10:18:56,47.6104,-122.2007,40.82,83,20,8.05,few clouds
602,San Quintin,MX,2022-04-17 10:21:57,30.4833,-115.95,57.51,90,0,13.73,clear sky
603,Khandagayty,RU,2022-04-17 10:21:57,50.7333,92.05,52.93,24,5,5.95,clear sky
604,Saldanha,ZA,2022-04-17 10:21:58,-33.0117,17.9442,82.45,55,0,12.64,clear sky
605,Coquimbo,CL,2022-04-17 10:21:58,-29.9533,-71.3436,53.33,93,100,2.3,overcast clouds
606,Kyabe,TD,2022-04-17 10:21:59,9.4515,18.9449,100.63,26,5,6.6,clear sky
607,Rawah,IQ,2022-04-17 10:21:59,34.4816,41.9093,81.28,13,0,5.97,clear sky
608,Harur,IN,2022-04-17 10:22:00,12.0667,78.5,100.11,25,39,3.65,scattered clouds
609,Shelopugino,RU,2022-04-17 10:22:00,51.6514,117.5599,37.83,61,96,5.21,overcast clouds
610,Mutare,ZW,2022-04-17 10:22:00,-18.9707,32.6709,74.66,59,77,5.99,broken clouds
611,Celestun,MX,2022-04-17 10:22:01,20.8667,-90.4,76.91,80,0,14.32,clear sky
612,Port Hardy,CA,2022-04-17 10:22:01,50.6996,-127.4199,42.8,93,0,3.44,clear sky
613,Doume,CM,2022-04-17 10:22:01,4.2333,13.45,92.66,42,44,2.26,scattered clouds
614,Ngunguru,NZ,2022-04-17 10:22:02,-35.6167,174.5,63.72,94,100,29.59,overcast clouds
615,Nirmali,IN,2022-04-17 10:22:02,26.3167,86.5833,106.93,8,3,12.06,clear sky
616,Ames,US,2022-04-17 10:18:19,42.0347,-93.6199,35.08,73,0,10.36,clear sky
617,Skelleftea,SE,2022-04-17 10:22:03,64.7507,20.9528,50.36,53,26,5.75,scattered clouds
618,Nabire,ID,2022-04-17 10:22:03,-3.3667,135.4833,79.7,85,100,2.15,heavy intensity rain
619,Havre-Saint-Pierre,CA,2022-04-17 10:22:03,50.2334,-63.5986,30.56,93,100,9.22,overcast clouds
620,Sabang,ID,2022-04-17 10:22:04,5.8933,95.3214,84.67,63,95,9.51,overcast clouds
621,Sonepur,IN,2022-04-17 10:22:04,20.8333,83.9167,110.44,8,98,7.02,overcast clouds
622,Labytnangi,RU,2022-04-17 10:22:04,66.6572,66.4183,22.46,78,28,7.76,scattered clouds
623,Beringovskiy,RU,2022-04-17 10:22:05,63.05,179.3167,30.67,98,100,17.81,snow
624,Dwarka,IN,2022-04-17 10:22:05,22.2394,68.9678,85.39,65,0,14.72,clear sky
625,Sobolevo,RU,2022-04-17 10:22:05,54.4299,31.8996,41.65,45,77,18.45,broken clouds
626,Te Anau,NZ,2022-04-17 10:22:06,-45.4167,167.7167,44.87,90,8,1.32,clear sky
627,Turukhansk,RU,2022-04-17 10:22:06,65.8167,87.9833,24.08,85,100,16.6,overcast clouds
628,Portland,US,2022-04-17 10:20:19,45.5234,-122.6762,41.68,85,17,1.52,few clouds
629,Taonan,CN,2022-04-17 10:22:06,45.3333,122.7833,54.84,22,91,4.52,overcast clouds
630,Roma,US,2022-04-17 10:20:03,43.2128,-75.4557,32.95,77,100,9.22,overcast clouds
631,Sabzevar,IR,2022-04-17 10:22:07,36.2126,57.6819,58.28,82,40,11.5,scattered clouds
632,Idlib,SY,2022-04-17 10:22:07,35.9306,36.6339,77.99,21,11,9.01,few clouds
633,Mbaiki,CF,2022-04-17 10:22:07,3.8678,17.9892,93.9,39,87,4.18,overcast clouds
634,Matinhos,BR,2022-04-17 10:22:08,-25.8175,-48.5428,62.96,85,51,5.64,broken clouds
635,Pimentel,PE,2022-04-17 10:22:08,-6.8367,-79.9342,65.16,90,8,10.22,clear sky
636,Vitoria,BR,2022-04-17 10:22:08,-20.3194,-40.3378,71.85,70,0,5.75,clear sky
637,Ascension,US,2022-04-17 10:20:25,30.2169,-90.9001,75.0,96,100,0.0,overcast clouds
638,Hobbs,US,2022-04-17 10:20:19,32.7026,-103.136,49.19,48,0,5.75,clear sky
639,Sampit,ID,2022-04-17 10:22:09,-2.5333,112.95,85.1,67,74,2.55,broken clouds
640,Valparaiso,CL,2022-04-17 10:22:09,-33.0393,-71.6273,55.47,77,100,3.44,overcast clouds
641,Noumea,NC,2022-04-17 10:22:10,-22.2763,166.4572,79.0,99,19,6.15,few clouds
642,Toora-Khem,RU,2022-04-17 10:22:10,52.4675,96.11,58.35,51,77,2.98,broken clouds
643,Biritiba-Mirim,BR,2022-04-17 10:22:10,-23.5698,-46.0407,58.78,96,51,0.6,broken clouds
644,Marienburg,PL,2022-04-17 10:22:11,54.0359,19.0266,51.57,44,22,8.79,few clouds
645,Churapcha,RU,2022-04-17 10:22:11,62.0025,132.4325,22.96,86,81,2.66,broken clouds
646,Kuytun,RU,2022-04-17 10:22:12,54.3419,101.5036,62.47,43,100,7.34,overcast clouds
647,Pitimbu,BR,2022-04-17 10:23:12,-7.4706,-34.8086,81.19,82,97,5.73,overcast clouds
648,Muhos,FI,2022-04-17 10:23:12,64.808,25.9931,44.38,73,98,2.95,overcast clouds
649,Lishan,CN,2022-04-17 10:23:13,31.8576,113.2951,59.05,65,98,11.5,overcast clouds
650,Praia Da Vitoria,PT,2022-04-17 10:23:13,38.7333,-27.0667,62.76,77,20,11.32,few clouds
651,Abapo,BO,2022-04-17 10:23:14,-18.8333,-63.4667,58.87,55,100,1.43,overcast clouds
652,Nedjo,ET,2022-04-17 10:23:14,9.5046,35.5019,64.96,78,100,2.44,overcast clouds
653,Ballina,AU,2022-04-17 10:23:15,-28.8667,153.5667,66.38,98,73,9.62,broken clouds
654,Buzmeyin,TM,2022-04-17 10:23:15,38.0507,58.2056,55.13,88,100,16.11,light rain
655,Annau,TM,2022-04-17 10:23:15,37.8876,58.516,54.9,88,100,16.11,overcast clouds
656,Bloomsburg,US,2022-04-17 10:23:16,41.0037,-76.4549,37.71,88,23,2.91,few clouds
657,Labuan,MY,2022-04-17 10:23:16,5.2767,115.2417,84.56,74,20,3.44,few clouds
658,Rorvik,NO,2022-04-17 10:23:16,64.8621,11.2373,43.12,76,98,7.74,overcast clouds
659,Providencia,MX,2022-04-17 10:23:17,28.7167,-111.5833,69.03,27,81,4.7,broken clouds
660,Imbituba,BR,2022-04-17 10:23:17,-28.24,-48.6703,67.86,73,89,6.38,overcast clouds
661,Kissamos,GR,2022-04-17 10:23:17,35.4939,23.6569,76.68,63,75,8.19,broken clouds
662,Todos Santos,MX,2022-04-17 10:23:17,23.45,-110.2167,67.78,60,100,6.06,overcast clouds
663,Beruwala,LK,2022-04-17 10:23:18,6.4788,79.9828,85.17,71,77,8.9,broken clouds
664,Ambulu,ID,2022-04-17 10:23:18,-8.345,113.6058,81.18,84,99,4.0,moderate rain
665,Dunedin,NZ,2022-04-17 10:23:18,-45.8742,170.5036,54.81,82,96,8.99,overcast clouds
666,Barra Do Garcas,BR,2022-04-17 10:23:19,-15.89,-52.2567,60.26,59,15,1.5,few clouds
667,Cayenne,GF,2022-04-17 10:23:19,4.9333,-52.3333,81.09,1,75,5.01,broken clouds
668,Itamaraca,BR,2022-04-17 10:23:19,-7.7478,-34.8256,78.85,84,76,4.88,light rain
669,Ingham,US,2022-04-17 10:20:28,42.6,-84.3833,30.15,66,100,3.44,overcast clouds
670,Campbellsville,US,2022-04-17 10:23:20,37.3434,-85.3419,43.95,52,99,1.01,overcast clouds
671,Kuah,MY,2022-04-17 10:23:20,6.3265,99.8432,89.58,66,20,4.61,few clouds
672,Makat,KZ,2022-04-17 10:23:21,47.6469,53.3463,67.21,33,21,5.99,few clouds
673,Klaksvik,FO,2022-04-17 10:23:21,62.2266,-6.589,49.12,98,100,15.57,overcast clouds
